id,item_group_id,title,description,link,image_link,additional_image_link,price,availability,condition,brand,product_type,google_product_category,custom_label_0
4589547139,4589547139,"Merry Braaimas Ugly Christmas Sweatshirt, South African Gift","Merry Braaimas! The South African Christmas jumper: braai first, presents later. Part of Sonneblom, our line of Afrikaans and South African heritage gifts, made for South Africans at home and all over the world. Printed to order by our production partner and shipped to your door; delivery time and shipping cost depend on where you live and are shown at checkout.",https://sonneblomdigitaal.co.za/shop/4589547139-merry-braaimas-ugly-christmas-sweatshirt/,https://i.etsystatic.com/63442998/r/il/a93d97/8679290297/il_fullxfull.8679290297_92rv.jpg,"https://i.etsystatic.com/63442998/r/il/3cff85/8631469036/il_fullxfull.8631469036_hy84.jpg,https://i.etsystatic.com/63442998/r/il/f8b514/8631469434/il_fullxfull.8631469434_si3e.jpg,https://i.etsystatic.com/63442998/r/il/7c2ee4/8679291597/il_fullxfull.8679291597_tbia.jpg,https://i.etsystatic.com/63442998/r/il/fbe38f/8679292065/il_fullxfull.8679292065_rgbw.jpg,https://i.etsystatic.com/63442998/r/il/cc06e0/8679292667/il_fullxfull.8679292667_dx2m.jpg",32.99 USD,in stock,new,Sonneblom,Gifts > Clothing,Apparel & Accessories > Clothing > Shirts & Tops,gift
4587015401,4587015401,"Klein Sonneblom Kids T-Shirt, Afrikaans Sunflower Shirt for Kids, South African Children's Gift","'Klein Sonneblom' (little sunflower): a cheerful Afrikaans tee for little ones. Part of Sonneblom, our line of Afrikaans and South African heritage gifts, made for South Africans at home and all over the world. Printed to order by our production partner and shipped to your door; delivery time and shipping cost depend on where you live and are shown at checkout.",https://sonneblomdigitaal.co.za/shop/4587015401-klein-sonneblom-kids-t-shirt/,https://i.etsystatic.com/63442998/r/il/0bd149/8611956324/il_fullxfull.8611956324_bnin.jpg,"https://i.etsystatic.com/63442998/r/il/1caca4/8659785159/il_fullxfull.8659785159_4qwc.jpg,https://i.etsystatic.com/63442998/r/il/a9a93a/8611956814/il_fullxfull.8611956814_90us.jpg",21.99 USD,in stock,new,Sonneblom,Gifts > Clothing,Apparel & Accessories > Clothing > Shirts & Tops,gift
4587081731,4587081731,"South Africa Out of Me Expat T-Shirt, South African Gift","You can take me out of South Africa, but you can't take South Africa out of me. Part of Sonneblom, our line of Afrikaans and South African heritage gifts, made for South Africans at home and all over the world. Printed to order by our production partner and shipped to your door; delivery time and shipping cost depend on where you live and are shown at checkout.",https://sonneblomdigitaal.co.za/shop/4587081731-south-africa-out-of-me-expat-t-shirt/,https://i.etsystatic.com/63442998/r/il/33199f/8612484142/il_fullxfull.8612484142_39q3.jpg,"https://i.etsystatic.com/63442998/r/il/0e99a3/8660312655/il_fullxfull.8660312655_hpnh.jpg,https://i.etsystatic.com/63442998/r/il/f459a6/8660313109/il_fullxfull.8660313109_4k0e.jpg,https://i.etsystatic.com/63442998/r/il/dce467/8612482996/il_fullxfull.8612482996_cpkq.jpg,https://i.etsystatic.com/63442998/r/il/1eb0ec/8660313997/il_fullxfull.8660313997_oqhd.jpg,https://i.etsystatic.com/63442998/r/il/a0d81b/8660314453/il_fullxfull.8660314453_jar9.jpg",17.99 USD,in stock,new,Sonneblom,Gifts > Clothing,Apparel & Accessories > Clothing > Shirts & Tops,gift
4587085708,4587085708,"Will Work for Biltong Funny T-Shirt, South African Gift","Will work for biltong. Payment accepted in droëwors. Part of Sonneblom, our line of Afrikaans and South African heritage gifts, made for South Africans at home and all over the world. Printed to order by our production partner and shipped to your door; delivery time and shipping cost depend on where you live and are shown at checkout.",https://sonneblomdigitaal.co.za/shop/4587085708-will-work-for-biltong-funny-t-shirt/,https://i.etsystatic.com/63442998/r/il/3b512e/8612476100/il_fullxfull.8612476100_cg0a.jpg,"https://i.etsystatic.com/63442998/r/il/80eaa5/8660304527/il_fullxfull.8660304527_oxdp.jpg,https://i.etsystatic.com/63442998/r/il/624525/8612474686/il_fullxfull.8612474686_rwjs.jpg,https://i.etsystatic.com/63442998/r/il/991977/8612475112/il_fullxfull.8612475112_2ajm.jpg,https://i.etsystatic.com/63442998/r/il/6b8f41/8612475554/il_fullxfull.8612475554_q9tb.jpg,https://i.etsystatic.com/63442998/r/il/c20866/8660307017/il_fullxfull.8660307017_jp9c.jpg",17.99 USD,in stock,new,Sonneblom,Gifts > Clothing,Apparel & Accessories > Clothing > Shirts & Tops,gift
4587085566,4587085566,"I Survived Loadshedding Funny T-Shirt, South African Gift","I survived loadshedding (and all I got was this T-shirt). For everyone who cooked by torchlight. Part of Sonneblom, our line of Afrikaans and South African heritage gifts, made for South Africans at home and all over the world. Printed to order by our production partner and shipped to your door; delivery time and shipping cost depend on where you live and are shown at checkout.",https://sonneblomdigitaal.co.za/shop/4587085566-i-survived-loadshedding-funny-t-shirt/,https://i.etsystatic.com/63442998/r/il/c4eb6c/8660304899/il_fullxfull.8660304899_4s2r.jpg,"https://i.etsystatic.com/63442998/r/il/e2fd2b/8660303597/il_fullxfull.8660303597_ngi9.jpg,https://i.etsystatic.com/63442998/r/il/394c2c/8660304069/il_fullxfull.8660304069_dm7a.jpg,https://i.etsystatic.com/63442998/r/il/4f670e/8612474054/il_fullxfull.8612474054_flwa.jpg,https://i.etsystatic.com/63442998/r/il/f9f633/8612474978/il_fullxfull.8612474978_sh29.jpg,https://i.etsystatic.com/63442998/r/il/698a46/8612475486/il_fullxfull.8612475486_ssa4.jpg",17.99 USD,in stock,new,Sonneblom,Gifts > Clothing,Apparel & Accessories > Clothing > Shirts & Tops,gift
4587039789,4587039789,"Sho't Left T-Shirt, South African Slang Dictionary T-Shirt, Funny Saffa Gift","sho't left [short left], noun: A short trip; a quick ride somewhere nearby. “Just take a sho't left to the shops.” Part of our South African Dictionary series: the words every Saffa knows, wherever in the world they live now. Part of Sonneblom, our line of Afrikaans and South African heritage gifts, made for South Africans at home and all over the world. Printed to order by our production partner and shipped to your door; delivery time and shipping cost depend on where you live and are shown at checkout.",https://sonneblomdigitaal.co.za/shop/4587039789-sho-t-left-t-shirt/,https://i.etsystatic.com/63442998/r/il/ff8af8/8659989207/il_fullxfull.8659989207_qufv.jpg,"https://i.etsystatic.com/63442998/r/il/565cb0/8612157264/il_fullxfull.8612157264_439b.jpg,https://i.etsystatic.com/63442998/r/il/446d60/8612157628/il_fullxfull.8612157628_g8l5.jpg,https://i.etsystatic.com/63442998/r/il/ba6225/8659988199/il_fullxfull.8659988199_hej0.jpg,https://i.etsystatic.com/63442998/r/il/748ea5/8659988493/il_fullxfull.8659988493_c2j1.jpg,https://i.etsystatic.com/63442998/r/il/6be27c/8612158686/il_fullxfull.8612158686_er62.jpg",17.99 USD,in stock,new,Sonneblom,Gifts > Clothing,Apparel & Accessories > Clothing > Shirts & Tops,gift
4587039647,4587039647,"Robot T-Shirt, South African Slang Dictionary T-Shirt, Funny Saffa Gift","robot [ROH-bot], noun: A traffic light. No, really. “Turn left at the next robot.” Part of our South African Dictionary series: the words every Saffa knows, wherever in the world they live now. Part of Sonneblom, our line of Afrikaans and South African heritage gifts, made for South Africans at home and all over the world. Printed to order by our production partner and shipped to your door; delivery time and shipping cost depend on where you live and are shown at checkout.",https://sonneblomdigitaal.co.za/shop/4587039647-robot-t-shirt/,https://i.etsystatic.com/63442998/r/il/71a838/8659987383/il_fullxfull.8659987383_lxdo.jpg,"https://i.etsystatic.com/63442998/r/il/408fe3/8612155762/il_fullxfull.8612155762_etct.jpg,https://i.etsystatic.com/63442998/r/il/e24ae2/8612156186/il_fullxfull.8612156186_gj7n.jpg,https://i.etsystatic.com/63442998/r/il/88c454/8612156846/il_fullxfull.8612156846_pldd.jpg,https://i.etsystatic.com/63442998/r/il/144b91/8659987913/il_fullxfull.8659987913_1pkw.jpg,https://i.etsystatic.com/63442998/r/il/6d1202/8612158182/il_fullxfull.8612158182_n2v4.jpg",17.99 USD,in stock,new,Sonneblom,Gifts > Clothing,Apparel & Accessories > Clothing > Shirts & Tops,gift
4587044514,4587044514,"Bakkie T-Shirt, South African Slang Dictionary T-Shirt, Funny Saffa Gift","bakkie [BUCK-ee], noun: A pickup truck. Carries everything, including the whole family. “Load it on the bakkie.” Part of our South African Dictionary series: the words every Saffa knows, wherever in the world they live now. Part of Sonneblom, our line of Afrikaans and South African heritage gifts, made for South Africans at home and all over the world. Printed to order by our production partner and shipped to your door; delivery time and shipping cost depend on where you live and are shown at checkout.",https://sonneblomdigitaal.co.za/shop/4587044514-bakkie-t-shirt/,https://i.etsystatic.com/63442998/r/il/bb399b/8659985705/il_fullxfull.8659985705_igtp.jpg,"https://i.etsystatic.com/63442998/r/il/ee0b73/8659984429/il_fullxfull.8659984429_1jac.jpg,https://i.etsystatic.com/63442998/r/il/801cab/8612154636/il_fullxfull.8612154636_d3gg.jpg,https://i.etsystatic.com/63442998/r/il/d21d9b/8659985319/il_fullxfull.8659985319_6p7c.jpg,https://i.etsystatic.com/63442998/r/il/efd057/8612155772/il_fullxfull.8612155772_ta6k.jpg,https://i.etsystatic.com/63442998/r/il/c6fe1d/8612156202/il_fullxfull.8612156202_q4dy.jpg",17.99 USD,in stock,new,Sonneblom,Gifts > Clothing,Apparel & Accessories > Clothing > Shirts & Tops,gift
4587039273,4587039273,"Skinner T-Shirt, South African Slang Dictionary T-Shirt, Funny Saffa Gift","skinner [SKIN-uh], verb / noun: To gossip; gossip. “Come, let’s skinner over tea.” Part of our South African Dictionary series: the words every Saffa knows, wherever in the world they live now. Part of Sonneblom, our line of Afrikaans and South African heritage gifts, made for South Africans at home and all over the world. Printed to order by our production partner and shipped to your door; delivery time and shipping cost depend on where you live and are shown at checkout.",https://sonneblomdigitaal.co.za/shop/4587039273-skinner-t-shirt/,https://i.etsystatic.com/63442998/r/il/987de7/8659984187/il_fullxfull.8659984187_l513.jpg,"https://i.etsystatic.com/63442998/r/il/1c3ac7/8659982839/il_fullxfull.8659982839_rkvs.jpg,https://i.etsystatic.com/63442998/r/il/299f3e/8612153204/il_fullxfull.8612153204_knm6.jpg,https://i.etsystatic.com/63442998/r/il/2d99f5/8612153686/il_fullxfull.8612153686_6gmn.jpg,https://i.etsystatic.com/63442998/r/il/747552/8659984507/il_fullxfull.8659984507_m9ww.jpg,https://i.etsystatic.com/63442998/r/il/82aecc/8659984925/il_fullxfull.8659984925_c5by.jpg",17.99 USD,in stock,new,Sonneblom,Gifts > Clothing,Apparel & Accessories > Clothing > Shirts & Tops,gift
4587044112,4587044112,"Kwaai T-Shirt, South African Slang Dictionary T-Shirt, Funny Saffa Gift","kwaai [kwhy], adjective: Cool, awesome. Also: angry. Context is everything. “That car is kwaai!” Part of our South African Dictionary series: the words every Saffa knows, wherever in the world they live now. Part of Sonneblom, our line of Afrikaans and South African heritage gifts, made for South Africans at home and all over the world. Printed to order by our production partner and shipped to your door; delivery time and shipping cost depend on where you live and are shown at checkout.",https://sonneblomdigitaal.co.za/shop/4587044112-kwaai-t-shirt/,https://i.etsystatic.com/63442998/r/il/d1ab45/8612153640/il_fullxfull.8612153640_f0ie.jpg,"https://i.etsystatic.com/63442998/r/il/9bc591/8659980999/il_fullxfull.8659980999_80by.jpg,https://i.etsystatic.com/63442998/r/il/e6f1be/8659981439/il_fullxfull.8659981439_5zge.jpg,https://i.etsystatic.com/63442998/r/il/337c61/8659981989/il_fullxfull.8659981989_7xir.jpg,https://i.etsystatic.com/63442998/r/il/6e0a72/8612152468/il_fullxfull.8612152468_mtth.jpg,https://i.etsystatic.com/63442998/r/il/5c5d35/8659983347/il_fullxfull.8659983347_ext3.jpg",17.99 USD,in stock,new,Sonneblom,Gifts > Clothing,Apparel & Accessories > Clothing > Shirts & Tops,gift
4587033116,4587033116,"Aweh T-Shirt, South African Slang Dictionary T-Shirt, Funny Saffa Gift","aweh [ah-WEH], greeting: Hello; yes; all good. Cape Town in one word. “Aweh, my bru!” Part of our South African Dictionary series: the words every Saffa knows, wherever in the world they live now. Part of Sonneblom, our line of Afrikaans and South African heritage gifts, made for South Africans at home and all over the world. Printed to order by our production partner and shipped to your door; delivery time and shipping cost depend on where you live and are shown at checkout.",https://sonneblomdigitaal.co.za/shop/4587033116-aweh-t-shirt/,https://i.etsystatic.com/63442998/r/il/a1b228/8612063502/il_fullxfull.8612063502_fm4m.jpg,"https://i.etsystatic.com/63442998/r/il/2f19dc/8659891801/il_fullxfull.8659891801_nz5z.jpg,https://i.etsystatic.com/63442998/r/il/b6ea68/8659892361/il_fullxfull.8659892361_tpro.jpg,https://i.etsystatic.com/63442998/r/il/4d6d79/8612062732/il_fullxfull.8612062732_4xi8.jpg,https://i.etsystatic.com/63442998/r/il/026e3a/8612063206/il_fullxfull.8612063206_cmrk.jpg,https://i.etsystatic.com/63442998/r/il/5b9a32/8659894321/il_fullxfull.8659894321_rzvs.jpg",17.99 USD,in stock,new,Sonneblom,Gifts > Clothing,Apparel & Accessories > Clothing > Shirts & Tops,gift
4587032972,4587032972,"Hayibo T-Shirt, South African Slang Dictionary T-Shirt, Funny Saffa Gift","hayibo [hai-EE-boh], interjection: No way! Expression of disbelief (isiZulu). “Hayibo, petrol went up again?” Part of our South African Dictionary series: the words every Saffa knows, wherever in the world they live now. Part of Sonneblom, our line of Afrikaans and South African heritage gifts, made for South Africans at home and all over the world. Printed to order by our production partner and shipped to your door; delivery time and shipping cost depend on where you live and are shown at checkout.",https://sonneblomdigitaal.co.za/shop/4587032972-hayibo-t-shirt/,https://i.etsystatic.com/63442998/r/il/fa2ea6/8659891749/il_fullxfull.8659891749_mbnl.jpg,"https://i.etsystatic.com/63442998/r/il/9c73d7/8612060612/il_fullxfull.8612060612_3gpp.jpg,https://i.etsystatic.com/63442998/r/il/e34e1e/8659890969/il_fullxfull.8659890969_cu4b.jpg,https://i.etsystatic.com/63442998/r/il/08a7bd/8659891347/il_fullxfull.8659891347_egcg.jpg,https://i.etsystatic.com/63442998/r/il/93f360/8612062164/il_fullxfull.8612062164_89p0.jpg,https://i.etsystatic.com/63442998/r/il/a821c5/8612062616/il_fullxfull.8612062616_5dhg.jpg",17.99 USD,in stock,new,Sonneblom,Gifts > Clothing,Apparel & Accessories > Clothing > Shirts & Tops,gift
4587028021,4587028021,"Yebo T-Shirt, South African Slang Dictionary T-Shirt, Funny Saffa Gift","yebo [YEH-boh], interjection: Yes! (isiZulu) Also: absolutely, I agree. “Yebo, let’s go!” Part of our South African Dictionary series: the words every Saffa knows, wherever in the world they live now. Part of Sonneblom, our line of Afrikaans and South African heritage gifts, made for South Africans at home and all over the world. Printed to order by our production partner and shipped to your door; delivery time and shipping cost depend on where you live and are shown at checkout.",https://sonneblomdigitaal.co.za/shop/4587028021-yebo-t-shirt/,https://i.etsystatic.com/63442998/r/il/d61cf3/8659890947/il_fullxfull.8659890947_gkaq.jpg,"https://i.etsystatic.com/63442998/r/il/7d7b56/8659889087/il_fullxfull.8659889087_deqk.jpg,https://i.etsystatic.com/63442998/r/il/c62d10/8612059620/il_fullxfull.8612059620_fmon.jpg,https://i.etsystatic.com/63442998/r/il/150646/8659889971/il_fullxfull.8659889971_bh32.jpg,https://i.etsystatic.com/63442998/r/il/cf19e2/8659890395/il_fullxfull.8659890395_hl1m.jpg,https://i.etsystatic.com/63442998/r/il/366d22/8612061340/il_fullxfull.8612061340_a6ev.jpg",17.99 USD,in stock,new,Sonneblom,Gifts > Clothing,Apparel & Accessories > Clothing > Shirts & Tops,gift
4587032700,4587032700,"Just Now T-Shirt, South African Slang Dictionary T-Shirt, Funny Saffa Gift","just now [just now], adverb: At some point. Could be in five minutes, could be never. “I’ll call you just now.” Part of our South African Dictionary series: the words every Saffa knows, wherever in the world they live now. Part of Sonneblom, our line of Afrikaans and South African heritage gifts, made for South Africans at home and all over the world. Printed to order by our production partner and shipped to your door; delivery time and shipping cost depend on where you live and are shown at checkout.",https://sonneblomdigitaal.co.za/shop/4587032700-just-now-t-shirt/,https://i.etsystatic.com/63442998/r/il/52d63b/8612059140/il_fullxfull.8612059140_fiz6.jpg,"https://i.etsystatic.com/63442998/r/il/b54182/8659888033/il_fullxfull.8659888033_bkb6.jpg,https://i.etsystatic.com/63442998/r/il/ca59e9/8612058468/il_fullxfull.8612058468_lgio.jpg,https://i.etsystatic.com/63442998/r/il/6d3b75/8612058788/il_fullxfull.8612058788_f9wc.jpg,https://i.etsystatic.com/63442998/r/il/ec848b/8612059500/il_fullxfull.8612059500_8fc2.jpg,https://i.etsystatic.com/63442998/r/il/670f73/8612059844/il_fullxfull.8612059844_6f14.jpg",17.99 USD,in stock,new,Sonneblom,Gifts > Clothing,Apparel & Accessories > Clothing > Shirts & Tops,gift
4587032506,4587032506,"Ag Shame T-Shirt, South African Slang Dictionary T-Shirt, Funny Saffa Gift","ag shame [akh SHAAM], phrase: Oh, how sweet! or Oh, how sad! Depends on the face you pull. “Ag shame, look at the puppy.” Part of our South African Dictionary series: the words every Saffa knows, wherever in the world they live now. Part of Sonneblom, our line of Afrikaans and South African heritage gifts, made for South Africans at home and all over the world. Printed to order by our production partner and shipped to your door; delivery time and shipping cost depend on where you live and are shown at checkout.",https://sonneblomdigitaal.co.za/shop/4587032506-ag-shame-t-shirt/,https://i.etsystatic.com/63442998/r/il/0acaed/8659888421/il_fullxfull.8659888421_dinm.jpg,"https://i.etsystatic.com/63442998/r/il/bc4cfc/8612056636/il_fullxfull.8612056636_4pn0.jpg,https://i.etsystatic.com/63442998/r/il/ecaee5/8612056922/il_fullxfull.8612056922_3mhj.jpg,https://i.etsystatic.com/63442998/r/il/bbcefc/8659887303/il_fullxfull.8659887303_82qx.jpg,https://i.etsystatic.com/63442998/r/il/8b0d50/8659887685/il_fullxfull.8659887685_c6lt.jpg,https://i.etsystatic.com/63442998/r/il/243c5d/8659888045/il_fullxfull.8659888045_jy6u.jpg",17.99 USD,in stock,new,Sonneblom,Gifts > Clothing,Apparel & Accessories > Clothing > Shirts & Tops,gift
4587027469,4587027469,"Hello in South African Languages T-Shirt, Sawubona Molo Dumela Howzit, South Africa Shirt","Hello in South Africa: Sawubona (isiZulu), Molo (isiXhosa), Dumela (Sesotho/Setswana), Howzit (SA English), Hallo (Afrikaans), Avuxeni (Xitsonga). Part of Sonneblom, our line of Afrikaans and South African heritage gifts, made for South Africans at home and all over the world. Printed to order by our production partner and shipped to your door; delivery time and shipping cost depend on where you live and are shown at checkout.",https://sonneblomdigitaal.co.za/shop/4587027469-hello-in-south-african-languages-t-shirt/,https://i.etsystatic.com/63442998/r/il/a35d57/8659886863/il_fullxfull.8659886863_gnuv.jpg,"https://i.etsystatic.com/63442998/r/il/63ef86/8612054954/il_fullxfull.8612054954_tcfs.jpg,https://i.etsystatic.com/63442998/r/il/977864/8659885377/il_fullxfull.8659885377_mgxj.jpg,https://i.etsystatic.com/63442998/r/il/8bacac/8659885715/il_fullxfull.8659885715_29ju.jpg,https://i.etsystatic.com/63442998/r/il/53e3a4/8659886109/il_fullxfull.8659886109_ghhr.jpg,https://i.etsystatic.com/63442998/r/il/07e19c/8612056500/il_fullxfull.8612056500_ed84.jpg",17.99 USD,in stock,new,Sonneblom,Gifts > Clothing,Apparel & Accessories > Clothing > Shirts & Tops,gift
4587031332,4587031332,"Jislaaik T-Shirt, South African Slang Dictionary Shirt, Funny Saffa Gift","jislaaik [YIS-like], interjection: Wow! An expression of amazement. “Jislaaik, that’s a big spider!” Part of our South African Dictionary series: the words every Saffa knows, wherever in the world they live now. Part of Sonneblom, our line of Afrikaans and South African heritage gifts, made for South Africans at home and all over the world. Printed to order by our production partner and shipped to your door; delivery time and shipping cost depend on where you live and are shown at checkout.",https://sonneblomdigitaal.co.za/shop/4587031332-jislaaik-t-shirt/,https://i.etsystatic.com/63442998/r/il/d3ccca/8612049334/il_fullxfull.8612049334_km7b.jpg,"https://i.etsystatic.com/63442998/r/il/a22f0f/8612047374/il_fullxfull.8612047374_61dp.jpg,https://i.etsystatic.com/63442998/r/il/a54db5/8659877501/il_fullxfull.8659877501_sbjb.jpg,https://i.etsystatic.com/63442998/r/il/f66715/8612048168/il_fullxfull.8612048168_jcgv.jpg,https://i.etsystatic.com/63442998/r/il/2263fc/8659878423/il_fullxfull.8659878423_ck4t.jpg,https://i.etsystatic.com/63442998/r/il/30963b/8659878887/il_fullxfull.8659878887_9na7.jpg",17.99 USD,in stock,new,Sonneblom,Gifts > Clothing,Apparel & Accessories > Clothing > Shirts & Tops,gift
4587026439,4587026439,"Babbelas T-Shirt, South African Slang Dictionary Shirt, Funny Saffa Gift","babbelas [BUB-buh-lus], noun: A hangover. “Sorry, I have a serious babbelas.” Part of our South African Dictionary series: the words every Saffa knows, wherever in the world they live now. Part of Sonneblom, our line of Afrikaans and South African heritage gifts, made for South Africans at home and all over the world. Printed to order by our production partner and shipped to your door; delivery time and shipping cost depend on where you live and are shown at checkout.",https://sonneblomdigitaal.co.za/shop/4587026439-babbelas-t-shirt/,https://i.etsystatic.com/63442998/r/il/69b4f9/8612048216/il_fullxfull.8612048216_dnhw.jpg,"https://i.etsystatic.com/63442998/r/il/81e6d4/8612046508/il_fullxfull.8612046508_nka5.jpg,https://i.etsystatic.com/63442998/r/il/25f0df/8659876657/il_fullxfull.8659876657_oyrf.jpg,https://i.etsystatic.com/63442998/r/il/13341d/8659877039/il_fullxfull.8659877039_a0uc.jpg,https://i.etsystatic.com/63442998/r/il/c0a077/8659877499/il_fullxfull.8659877499_plcp.jpg,https://i.etsystatic.com/63442998/r/il/90b877/8612048540/il_fullxfull.8612048540_to7q.jpg",17.99 USD,in stock,new,Sonneblom,Gifts > Clothing,Apparel & Accessories > Clothing > Shirts & Tops,gift
4587031130,4587031130,"Sharp Sharp T-Shirt, South African Slang Dictionary Shirt, Funny Saffa Gift","sharp sharp [shaap shaap], interjection: All good, cool; see you later. “Sharp sharp, chat tomorrow!” Part of our South African Dictionary series: the words every Saffa knows, wherever in the world they live now. Part of Sonneblom, our line of Afrikaans and South African heritage gifts, made for South Africans at home and all over the world. Printed to order by our production partner and shipped to your door; delivery time and shipping cost depend on where you live and are shown at checkout.",https://sonneblomdigitaal.co.za/shop/4587031130-sharp-sharp-t-shirt/,https://i.etsystatic.com/63442998/r/il/c58451/8612047424/il_fullxfull.8612047424_oemn.jpg,"https://i.etsystatic.com/63442998/r/il/ecf34d/8612045724/il_fullxfull.8612045724_sqqj.jpg,https://i.etsystatic.com/63442998/r/il/5b6908/8659875853/il_fullxfull.8659875853_pnod.jpg,https://i.etsystatic.com/63442998/r/il/391482/8659876333/il_fullxfull.8659876333_2y5j.jpg,https://i.etsystatic.com/63442998/r/il/5eaa30/8659876731/il_fullxfull.8659876731_sbak.jpg,https://i.etsystatic.com/63442998/r/il/307609/8612047802/il_fullxfull.8612047802_fnsy.jpg",17.99 USD,in stock,new,Sonneblom,Gifts > Clothing,Apparel & Accessories > Clothing > Shirts & Tops,gift
4587031034,4587031034,"Ja Nee T-Shirt, South African Slang Dictionary Shirt, Funny Saffa Gift","ja nee [yah NEE-uh], phrase: Literally “yes no”. Means “that’s so true”. “Ja nee, it’s hot today.” Part of our South African Dictionary series: the words every Saffa knows, wherever in the world they live now. Part of Sonneblom, our line of Afrikaans and South African heritage gifts, made for South Africans at home and all over the world. Printed to order by our production partner and shipped to your door; delivery time and shipping cost depend on where you live and are shown at checkout.",https://sonneblomdigitaal.co.za/shop/4587031034-ja-nee-t-shirt/,https://i.etsystatic.com/63442998/r/il/2291da/8659875865/il_fullxfull.8659875865_gfv6.jpg,"https://i.etsystatic.com/63442998/r/il/e081dd/8612044944/il_fullxfull.8612044944_cldk.jpg,https://i.etsystatic.com/63442998/r/il/2f4e01/8612045376/il_fullxfull.8612045376_e96s.jpg,https://i.etsystatic.com/63442998/r/il/0769d3/8659875481/il_fullxfull.8659875481_ljhp.jpg,https://i.etsystatic.com/63442998/r/il/11717a/8612046626/il_fullxfull.8612046626_a74b.jpg,https://i.etsystatic.com/63442998/r/il/bdc835/8659876699/il_fullxfull.8659876699_8ify.jpg",17.99 USD,in stock,new,Sonneblom,Gifts > Clothing,Apparel & Accessories > Clothing > Shirts & Tops,gift
4587030930,4587030930,"Howzit T-Shirt, South African Slang Dictionary Shirt, Funny Saffa Gift","howzit [HOW-zit], greeting: Hello, how are you? (No answer required.) “Howzit, bru!” Part of our South African Dictionary series: the words every Saffa knows, wherever in the world they live now. Part of Sonneblom, our line of Afrikaans and South African heritage gifts, made for South Africans at home and all over the world. Printed to order by our production partner and shipped to your door; delivery time and shipping cost depend on where you live and are shown at checkout.",https://sonneblomdigitaal.co.za/shop/4587030930-howzit-t-shirt/,https://i.etsystatic.com/63442998/r/il/283b63/8659875841/il_fullxfull.8659875841_armj.jpg,"https://i.etsystatic.com/63442998/r/il/0b5e4c/8659873827/il_fullxfull.8659873827_m4py.jpg,https://i.etsystatic.com/63442998/r/il/62ee34/8659874315/il_fullxfull.8659874315_t8u5.jpg,https://i.etsystatic.com/63442998/r/il/cce167/8612045004/il_fullxfull.8612045004_pybu.jpg,https://i.etsystatic.com/63442998/r/il/913747/8659875049/il_fullxfull.8659875049_kgo0.jpg,https://i.etsystatic.com/63442998/r/il/a43dc2/8612045802/il_fullxfull.8612045802_at6r.jpg",17.99 USD,in stock,new,Sonneblom,Gifts > Clothing,Apparel & Accessories > Clothing > Shirts & Tops,gift
4587030794,4587030794,"Now Now T-Shirt, South African Slang Dictionary Shirt, Funny Saffa Gift","now now [now now], adverb: In a little while. Sooner than “just now”, later than “now”. “I’ll do it now now.” Part of our South African Dictionary series: the words every Saffa knows, wherever in the world they live now. Part of Sonneblom, our line of Afrikaans and South African heritage gifts, made for South Africans at home and all over the world. Printed to order by our production partner and shipped to your door; delivery time and shipping cost depend on where you live and are shown at checkout.",https://sonneblomdigitaal.co.za/shop/4587030794-now-now-t-shirt/,https://i.etsystatic.com/63442998/r/il/716f4c/8659874835/il_fullxfull.8659874835_nih2.jpg,"https://i.etsystatic.com/63442998/r/il/52184b/8612043362/il_fullxfull.8612043362_7926.jpg,https://i.etsystatic.com/63442998/r/il/e0ca92/8612043732/il_fullxfull.8612043732_6ejx.jpg,https://i.etsystatic.com/63442998/r/il/445acf/8612044118/il_fullxfull.8612044118_me0d.jpg,https://i.etsystatic.com/63442998/r/il/192a2a/8659874169/il_fullxfull.8659874169_6b1k.jpg,https://i.etsystatic.com/63442998/r/il/7b001e/8612045590/il_fullxfull.8612045590_8e88.jpg",17.99 USD,in stock,new,Sonneblom,Gifts > Clothing,Apparel & Accessories > Clothing > Shirts & Tops,gift
4587030722,4587030722,"Eish T-Shirt, South African Slang Dictionary Shirt, Funny Saffa Gift","eish [aysh], interjection: Used to express surprise, frustration or resignation. “Eish, loadshedding again.” Part of our South African Dictionary series: the words every Saffa knows, wherever in the world they live now. Part of Sonneblom, our line of Afrikaans and South African heritage gifts, made for South Africans at home and all over the world. Printed to order by our production partner and shipped to your door; delivery time and shipping cost depend on where you live and are shown at checkout.",https://sonneblomdigitaal.co.za/shop/4587030722-eish-t-shirt/,https://i.etsystatic.com/63442998/r/il/bc65a7/8659873411/il_fullxfull.8659873411_3d4g.jpg,"https://i.etsystatic.com/63442998/r/il/098a7e/8612042612/il_fullxfull.8612042612_p9r6.jpg,https://i.etsystatic.com/63442998/r/il/cb35fd/8612042950/il_fullxfull.8612042950_9105.jpg,https://i.etsystatic.com/63442998/r/il/6b07ab/8612043438/il_fullxfull.8612043438_pwtw.jpg,https://i.etsystatic.com/63442998/r/il/6778f1/8612044196/il_fullxfull.8612044196_l6lw.jpg,https://i.etsystatic.com/63442998/r/il/9f0480/8659874205/il_fullxfull.8659874205_skeo.jpg",17.99 USD,in stock,new,Sonneblom,Gifts > Clothing,Apparel & Accessories > Clothing > Shirts & Tops,gift
4587025871,4587025871,"Lekker T-Shirt, South African Slang Dictionary Shirt, Funny Saffa Gift","lekker [LEK-uh], adjective: Nice, great, delicious. The best word there is. “That braai was lekker!” Part of our South African Dictionary series: the words every Saffa knows, wherever in the world they live now. Part of Sonneblom, our line of Afrikaans and South African heritage gifts, made for South Africans at home and all over the world. Printed to order by our production partner and shipped to your door; delivery time and shipping cost depend on where you live and are shown at checkout.",https://sonneblomdigitaal.co.za/shop/4587025871-lekker-t-shirt/,https://i.etsystatic.com/63442998/r/il/88e8b3/8612043006/il_fullxfull.8612043006_g4w7.jpg,"https://i.etsystatic.com/63442998/r/il/f17212/8612041870/il_fullxfull.8612041870_kxhz.jpg,https://i.etsystatic.com/63442998/r/il/b9d86f/8659871813/il_fullxfull.8659871813_lnbk.jpg,https://i.etsystatic.com/63442998/r/il/a3b4f4/8659872165/il_fullxfull.8659872165_saj2.jpg,https://i.etsystatic.com/63442998/r/il/0ee827/8659873077/il_fullxfull.8659873077_25lz.jpg,https://i.etsystatic.com/63442998/r/il/03aafb/8659873531/il_fullxfull.8659873531_1v06.jpg",17.99 USD,in stock,new,Sonneblom,Gifts > Clothing,Apparel & Accessories > Clothing > Shirts & Tops,gift
4587019902,4587019902,"Suid-Afrikaans in Murg en Been T-Shirt, Afrikaans South African Pride Shirt","'Suid-Afrikaans in murg en been': South African to the bone, wherever in the world you live. Part of Sonneblom, our line of Afrikaans and South African heritage gifts, made for South Africans at home and all over the world. Printed to order by our production partner and shipped to your door; delivery time and shipping cost depend on where you live and are shown at checkout.",https://sonneblomdigitaal.co.za/shop/4587019902-suid-afrikaans-in-murg-en-been-t-shirt/,https://i.etsystatic.com/63442998/r/il/b8fd81/8611956402/il_fullxfull.8611956402_o1nb.jpg,"https://i.etsystatic.com/63442998/r/il/01ce26/8611954946/il_fullxfull.8611954946_tsb8.jpg,https://i.etsystatic.com/63442998/r/il/58c762/8611955334/il_fullxfull.8611955334_84r8.jpg,https://i.etsystatic.com/63442998/r/il/724aba/8659785191/il_fullxfull.8659785191_oamk.jpg,https://i.etsystatic.com/63442998/r/il/74c68a/8611956030/il_fullxfull.8611956030_drsi.jpg",17.99 USD,in stock,new,Sonneblom,Gifts > Clothing,Apparel & Accessories > Clothing > Shirts & Tops,gift
4587019850,4587019850,"Braaimeester T-Shirt, Afrikaans Braai Master Shirt, Funny South African Gift for Dad","'Braaimeester. Ek braai, dus ek is.' For the one who always runs the fire. Great for Father's Day and Braai Day. Part of Sonneblom, our line of Afrikaans and South African heritage gifts, made for South Africans at home and all over the world. Printed to order by our production partner and shipped to your door; delivery time and shipping cost depend on where you live and are shown at checkout.",https://sonneblomdigitaal.co.za/shop/4587019850-braaimeester-t-shirt/,https://i.etsystatic.com/63442998/r/il/1d453f/8611955580/il_fullxfull.8611955580_qvh5.jpg,"https://i.etsystatic.com/63442998/r/il/dda0ed/8659784053/il_fullxfull.8659784053_fc7e.jpg,https://i.etsystatic.com/63442998/r/il/e35660/8659784455/il_fullxfull.8659784455_soqd.jpg,https://i.etsystatic.com/63442998/r/il/8193e2/8659784829/il_fullxfull.8659784829_137l.jpg",17.99 USD,in stock,new,Sonneblom,Gifts > Clothing,Apparel & Accessories > Clothing > Shirts & Tops,gift
4587019790,4587019790,"Ubuntu T-Shirt, I Am Because We Are, Umuntu Ngumuntu Ngabantu, South African Shirt","Ubuntu: 'Umuntu ngumuntu ngabantu', 'Ek is omdat ons is', 'I am because we are', in isiZulu, Afrikaans and English. Part of Sonneblom, our line of Afrikaans and South African heritage gifts, made for South Africans at home and all over the world. Printed to order by our production partner and shipped to your door; delivery time and shipping cost depend on where you live and are shown at checkout.",https://sonneblomdigitaal.co.za/shop/4587019790-ubuntu-t-shirt/,https://i.etsystatic.com/63442998/r/il/7a8601/8611954486/il_fullxfull.8611954486_q98a.jpg,"https://i.etsystatic.com/63442998/r/il/709d43/8611954034/il_fullxfull.8611954034_goip.jpg,https://i.etsystatic.com/63442998/r/il/23ad5e/8611954858/il_fullxfull.8611954858_7phe.jpg,https://i.etsystatic.com/63442998/r/il/12cc54/8611955196/il_fullxfull.8611955196_i63g.jpg,https://i.etsystatic.com/63442998/r/il/269e7f/8611955676/il_fullxfull.8611955676_thci.jpg",17.99 USD,in stock,new,Sonneblom,Gifts > Clothing,Apparel & Accessories > Clothing > Shirts & Tops,gift
4587015169,4587015169,"Lekker T-Shirt, Afrikaans Sunflower Shirt, South African Gift","'Lekker': the one Afrikaans word every South African knows. A soft cotton tee with a hand-drawn sunflower. Part of Sonneblom, our line of Afrikaans and South African heritage gifts, made for South Africans at home and all over the world. Printed to order by our production partner and shipped to your door; delivery time and shipping cost depend on where you live and are shown at checkout.",https://sonneblomdigitaal.co.za/shop/4587015169-lekker-t-shirt/,https://i.etsystatic.com/63442998/r/il/bf94a8/8659784361/il_fullxfull.8659784361_pd72.jpg,"https://i.etsystatic.com/63442998/r/il/b2af9a/8659783045/il_fullxfull.8659783045_3vn5.jpg,https://i.etsystatic.com/63442998/r/il/0ac02b/8611953968/il_fullxfull.8611953968_msnp.jpg,https://i.etsystatic.com/63442998/r/il/91d5fc/8611954426/il_fullxfull.8611954426_cc1q.jpg",17.99 USD,in stock,new,Sonneblom,Gifts > Clothing,Apparel & Accessories > Clothing > Shirts & Tops,gift
4589547319,4589547319,"Dear Santa I Can Explain Loadshedding Funny Christmas Mug, South African Gift","Dear Santa, I can explain. It was loadshedding. A Christmas mug for every Saffa on the naughty list. Part of Sonneblom, our line of Afrikaans and South African heritage gifts, made for South Africans at home and all over the world. Printed to order by our production partner and shipped to your door; delivery time and shipping cost depend on where you live and are shown at checkout.",https://sonneblomdigitaal.co.za/shop/4589547319-dear-santa-i-can-explain-loadshedding-funny-christmas-mug/,https://i.etsystatic.com/63442998/r/il/5a904b/8679291947/il_fullxfull.8679291947_fibr.jpg,,15.99 USD,in stock,new,Sonneblom,Gifts > Mugs,Home & Garden > Kitchen & Dining > Tableware > Drinkware > Mugs,gift
4589557452,4589557452,"Merry Braaimas Christmas Mug, South African Gift","Merry Braaimas! Because a South African Christmas happens at the braai. Part of Sonneblom, our line of Afrikaans and South African heritage gifts, made for South Africans at home and all over the world. Printed to order by our production partner and shipped to your door; delivery time and shipping cost depend on where you live and are shown at checkout.",https://sonneblomdigitaal.co.za/shop/4589557452-merry-braaimas-christmas-mug/,https://i.etsystatic.com/63442998/r/il/167aca/8631469250/il_fullxfull.8631469250_21t8.jpg,,15.99 USD,in stock,new,Sonneblom,Gifts > Mugs,Home & Garden > Kitchen & Dining > Tableware > Drinkware > Mugs,gift
4587081415,4587081415,"Koffie Eers Afrikaans Funny Mug, South African Gift","Koffie eers. Dan praat ons. (Coffee first. Then we talk.) Part of Sonneblom, our line of Afrikaans and South African heritage gifts, made for South Africans at home and all over the world. Printed to order by our production partner and shipped to your door; delivery time and shipping cost depend on where you live and are shown at checkout.",https://sonneblomdigitaal.co.za/shop/4587081415-koffie-eers-afrikaans-funny-mug/,https://i.etsystatic.com/63442998/r/il/fb5ddf/8612480046/il_fullxfull.8612480046_hdvz.jpg,,15.99 USD,in stock,new,Sonneblom,Gifts > Mugs,Home & Garden > Kitchen & Dining > Tableware > Drinkware > Mugs,gift
4587080803,4587080803,"Rooibos O'Clock Mug, South African Gift","Rooibos o'clock: the best time of day. For the rooibos lover far from home. Part of Sonneblom, our line of Afrikaans and South African heritage gifts, made for South Africans at home and all over the world. Printed to order by our production partner and shipped to your door; delivery time and shipping cost depend on where you live and are shown at checkout.",https://sonneblomdigitaal.co.za/shop/4587080803-rooibos-o-clock-mug/,https://i.etsystatic.com/63442998/r/il/607bc3/8612475500/il_fullxfull.8612475500_hovv.jpg,,15.99 USD,in stock,new,Sonneblom,Gifts > Mugs,Home & Garden > Kitchen & Dining > Tableware > Drinkware > Mugs,gift
4587085642,4587085642,"I Survived Loadshedding Funny Mug, South African Gift","I survived loadshedding (and all I got was this mug). Part of Sonneblom, our line of Afrikaans and South African heritage gifts, made for South Africans at home and all over the world. Printed to order by our production partner and shipped to your door; delivery time and shipping cost depend on where you live and are shown at checkout.",https://sonneblomdigitaal.co.za/shop/4587085642-i-survived-loadshedding-funny-mug/,https://i.etsystatic.com/63442998/r/il/9ce967/8660304129/il_fullxfull.8660304129_568z.jpg,,15.99 USD,in stock,new,Sonneblom,Gifts > Mugs,Home & Garden > Kitchen & Dining > Tableware > Drinkware > Mugs,gift
4587085214,4587085214,"Ho Ho Howzit Christmas Mug, South African Gift","Ho Ho Howzit! Merry Christmas from South Africa. Part of Sonneblom, our line of Afrikaans and South African heritage gifts, made for South Africans at home and all over the world. Printed to order by our production partner and shipped to your door; delivery time and shipping cost depend on where you live and are shown at checkout.",https://sonneblomdigitaal.co.za/shop/4587085214-ho-ho-howzit-christmas-mug/,https://i.etsystatic.com/63442998/r/il/242cbb/8660301083/il_fullxfull.8660301083_mhmv.jpg,,15.99 USD,in stock,new,Sonneblom,Gifts > Mugs,Home & Garden > Kitchen & Dining > Tableware > Drinkware > Mugs,gift
4587039855,4587039855,"Sho't Left Mug, South African Slang Dictionary Mug, Funny Saffa Gift","sho't left [short left], noun: A short trip; a quick ride somewhere nearby. “Just take a sho't left to the shops.” Part of our South African Dictionary series: the words every Saffa knows, wherever in the world they live now. Part of Sonneblom, our line of Afrikaans and South African heritage gifts, made for South Africans at home and all over the world. Printed to order by our production partner and shipped to your door; delivery time and shipping cost depend on where you live and are shown at checkout.",https://sonneblomdigitaal.co.za/shop/4587039855-sho-t-left-mug/,https://i.etsystatic.com/63442998/r/il/59c107/8659988067/il_fullxfull.8659988067_7z04.jpg,,15.99 USD,in stock,new,Sonneblom,Gifts > Mugs,Home & Garden > Kitchen & Dining > Tableware > Drinkware > Mugs,gift
4587039741,4587039741,"Robot Mug, South African Slang Dictionary Mug, Funny Saffa Gift","robot [ROH-bot], noun: A traffic light. No, really. “Turn left at the next robot.” Part of our South African Dictionary series: the words every Saffa knows, wherever in the world they live now. Part of Sonneblom, our line of Afrikaans and South African heritage gifts, made for South Africans at home and all over the world. Printed to order by our production partner and shipped to your door; delivery time and shipping cost depend on where you live and are shown at checkout.",https://sonneblomdigitaal.co.za/shop/4587039741-robot-mug/,https://i.etsystatic.com/63442998/r/il/cead2e/8612156874/il_fullxfull.8612156874_hgh4.jpg,,15.99 USD,in stock,new,Sonneblom,Gifts > Mugs,Home & Garden > Kitchen & Dining > Tableware > Drinkware > Mugs,gift
4587039525,4587039525,"Bakkie Mug, South African Slang Dictionary Mug, Funny Saffa Gift","bakkie [BUCK-ee], noun: A pickup truck. Carries everything, including the whole family. “Load it on the bakkie.” Part of our South African Dictionary series: the words every Saffa knows, wherever in the world they live now. Part of Sonneblom, our line of Afrikaans and South African heritage gifts, made for South Africans at home and all over the world. Printed to order by our production partner and shipped to your door; delivery time and shipping cost depend on where you live and are shown at checkout.",https://sonneblomdigitaal.co.za/shop/4587039525-bakkie-mug/,https://i.etsystatic.com/63442998/r/il/e37c8e/8612154884/il_fullxfull.8612154884_4b9f.jpg,,15.99 USD,in stock,new,Sonneblom,Gifts > Mugs,Home & Garden > Kitchen & Dining > Tableware > Drinkware > Mugs,gift
4587044378,4587044378,"Skinner Mug, South African Slang Dictionary Mug, Funny Saffa Gift","skinner [SKIN-uh], verb / noun: To gossip; gossip. “Come, let’s skinner over tea.” Part of our South African Dictionary series: the words every Saffa knows, wherever in the world they live now. Part of Sonneblom, our line of Afrikaans and South African heritage gifts, made for South Africans at home and all over the world. Printed to order by our production partner and shipped to your door; delivery time and shipping cost depend on where you live and are shown at checkout.",https://sonneblomdigitaal.co.za/shop/4587044378-skinner-mug/,https://i.etsystatic.com/63442998/r/il/3707c7/8612153308/il_fullxfull.8612153308_b50w.jpg,,15.99 USD,in stock,new,Sonneblom,Gifts > Mugs,Home & Garden > Kitchen & Dining > Tableware > Drinkware > Mugs,gift
4587044154,4587044154,"Kwaai Mug, South African Slang Dictionary Mug, Funny Saffa Gift","kwaai [kwhy], adjective: Cool, awesome. Also: angry. Context is everything. “That car is kwaai!” Part of our South African Dictionary series: the words every Saffa knows, wherever in the world they live now. Part of Sonneblom, our line of Afrikaans and South African heritage gifts, made for South Africans at home and all over the world. Printed to order by our production partner and shipped to your door; delivery time and shipping cost depend on where you live and are shown at checkout.",https://sonneblomdigitaal.co.za/shop/4587044154-kwaai-mug/,https://i.etsystatic.com/63442998/r/il/328062/8659981467/il_fullxfull.8659981467_ioak.jpg,,15.99 USD,in stock,new,Sonneblom,Gifts > Mugs,Home & Garden > Kitchen & Dining > Tableware > Drinkware > Mugs,gift
4587028405,4587028405,"Aweh Mug, South African Slang Dictionary Mug, Funny Saffa Gift","aweh [ah-WEH], greeting: Hello; yes; all good. Cape Town in one word. “Aweh, my bru!” Part of our South African Dictionary series: the words every Saffa knows, wherever in the world they live now. Part of Sonneblom, our line of Afrikaans and South African heritage gifts, made for South Africans at home and all over the world. Printed to order by our production partner and shipped to your door; delivery time and shipping cost depend on where you live and are shown at checkout.",https://sonneblomdigitaal.co.za/shop/4587028405-aweh-mug/,https://i.etsystatic.com/63442998/r/il/6fd56a/8612062188/il_fullxfull.8612062188_jgws.jpg,,15.99 USD,in stock,new,Sonneblom,Gifts > Mugs,Home & Garden > Kitchen & Dining > Tableware > Drinkware > Mugs,gift
4587033018,4587033018,"Hayibo Mug, South African Slang Dictionary Mug, Funny Saffa Gift","hayibo [hai-EE-boh], interjection: No way! Expression of disbelief (isiZulu). “Hayibo, petrol went up again?” Part of our South African Dictionary series: the words every Saffa knows, wherever in the world they live now. Part of Sonneblom, our line of Afrikaans and South African heritage gifts, made for South Africans at home and all over the world. Printed to order by our production partner and shipped to your door; delivery time and shipping cost depend on where you live and are shown at checkout.",https://sonneblomdigitaal.co.za/shop/4587033018-hayibo-mug/,https://i.etsystatic.com/63442998/r/il/5eb236/8659891063/il_fullxfull.8659891063_jgfz.jpg,,15.99 USD,in stock,new,Sonneblom,Gifts > Mugs,Home & Garden > Kitchen & Dining > Tableware > Drinkware > Mugs,gift
4587028075,4587028075,"Yebo Mug, South African Slang Dictionary Mug, Funny Saffa Gift","yebo [YEH-boh], interjection: Yes! (isiZulu) Also: absolutely, I agree. “Yebo, let’s go!” Part of our South African Dictionary series: the words every Saffa knows, wherever in the world they live now. Part of Sonneblom, our line of Afrikaans and South African heritage gifts, made for South Africans at home and all over the world. Printed to order by our production partner and shipped to your door; delivery time and shipping cost depend on where you live and are shown at checkout.",https://sonneblomdigitaal.co.za/shop/4587028075-yebo-mug/,https://i.etsystatic.com/63442998/r/il/8ba0ca/8612059602/il_fullxfull.8612059602_skyh.jpg,,15.99 USD,in stock,new,Sonneblom,Gifts > Mugs,Home & Garden > Kitchen & Dining > Tableware > Drinkware > Mugs,gift
4587032738,4587032738,"Just Now Mug, South African Slang Dictionary Mug, Funny Saffa Gift","just now [just now], adverb: At some point. Could be in five minutes, could be never. “I’ll call you just now.” Part of our South African Dictionary series: the words every Saffa knows, wherever in the world they live now. Part of Sonneblom, our line of Afrikaans and South African heritage gifts, made for South Africans at home and all over the world. Printed to order by our production partner and shipped to your door; delivery time and shipping cost depend on where you live and are shown at checkout.",https://sonneblomdigitaal.co.za/shop/4587032738-just-now-mug/,https://i.etsystatic.com/63442998/r/il/975f99/8659888443/il_fullxfull.8659888443_5baw.jpg,,15.99 USD,in stock,new,Sonneblom,Gifts > Mugs,Home & Garden > Kitchen & Dining > Tableware > Drinkware > Mugs,gift
4587032586,4587032586,"Ag Shame Mug, South African Slang Dictionary Mug, Funny Saffa Gift","ag shame [akh SHAAM], phrase: Oh, how sweet! or Oh, how sad! Depends on the face you pull. “Ag shame, look at the puppy.” Part of our South African Dictionary series: the words every Saffa knows, wherever in the world they live now. Part of Sonneblom, our line of Afrikaans and South African heritage gifts, made for South Africans at home and all over the world. Printed to order by our production partner and shipped to your door; delivery time and shipping cost depend on where you live and are shown at checkout.",https://sonneblomdigitaal.co.za/shop/4587032586-ag-shame-mug/,https://i.etsystatic.com/63442998/r/il/8d8aab/8612057124/il_fullxfull.8612057124_bbmy.jpg,,15.99 USD,in stock,new,Sonneblom,Gifts > Mugs,Home & Garden > Kitchen & Dining > Tableware > Drinkware > Mugs,gift
4587027147,4587027147,"Sunflower Mkhulu Mug, South African Grandpa Gift, Sonneblom Heritage Coffee Cup","For the best Mkhulu in the world. A sunflower mug for South African families everywhere. Part of Sonneblom, our line of Afrikaans and South African heritage gifts, made for South Africans at home and all over the world. Printed to order by our production partner and shipped to your door; delivery time and shipping cost depend on where you live and are shown at checkout.",https://sonneblomdigitaal.co.za/shop/4587027147-world-s-best-mkhulu-mug/,https://i.etsystatic.com/63442998/r/il/b1d598/8659882159/il_fullxfull.8659882159_mnzv.jpg,,15.99 USD,in stock,new,Sonneblom,Gifts > Mugs,Home & Garden > Kitchen & Dining > Tableware > Drinkware > Mugs,gift
4587031870,4587031870,"Thank You Mug in South African Languages, Baie Dankie Ngiyabonga Enkosi, Teacher Gift","Thank you in English, Afrikaans (Baie dankie), isiZulu (Ngiyabonga), isiXhosa (Enkosi) and Sesotho (Kea leboha). Part of Sonneblom, our line of Afrikaans and South African heritage gifts, made for South Africans at home and all over the world. Printed to order by our production partner and shipped to your door; delivery time and shipping cost depend on where you live and are shown at checkout.",https://sonneblomdigitaal.co.za/shop/4587031870-thank-you-mug-in-south-african-languages/,https://i.etsystatic.com/63442998/r/il/cfa22a/8659881391/il_fullxfull.8659881391_5i44.jpg,,15.99 USD,in stock,new,Sonneblom,Gifts > Mugs,Home & Garden > Kitchen & Dining > Tableware > Drinkware > Mugs,gift
4587031398,4587031398,"Jislaaik Mug, South African Slang Dictionary Mug, Funny Saffa Gift","jislaaik [YIS-like], interjection: Wow! An expression of amazement. “Jislaaik, that’s a big spider!” Part of our South African Dictionary series: the words every Saffa knows, wherever in the world they live now. Part of Sonneblom, our line of Afrikaans and South African heritage gifts, made for South Africans at home and all over the world. Printed to order by our production partner and shipped to your door; delivery time and shipping cost depend on where you live and are shown at checkout.",https://sonneblomdigitaal.co.za/shop/4587031398-jislaaik-mug/,https://i.etsystatic.com/63442998/r/il/ce2b3a/8612047720/il_fullxfull.8612047720_57s9.jpg,,15.99 USD,in stock,new,Sonneblom,Gifts > Mugs,Home & Garden > Kitchen & Dining > Tableware > Drinkware > Mugs,gift
4587026499,4587026499,"Babbelas Mug, South African Slang Dictionary Mug, Funny Saffa Gift","babbelas [BUB-buh-lus], noun: A hangover. “Sorry, I have a serious babbelas.” Part of our South African Dictionary series: the words every Saffa knows, wherever in the world they live now. Part of Sonneblom, our line of Afrikaans and South African heritage gifts, made for South Africans at home and all over the world. Printed to order by our production partner and shipped to your door; delivery time and shipping cost depend on where you live and are shown at checkout.",https://sonneblomdigitaal.co.za/shop/4587026499-babbelas-mug/,https://i.etsystatic.com/63442998/r/il/b98ddb/8612047016/il_fullxfull.8612047016_q2s7.jpg,,15.99 USD,in stock,new,Sonneblom,Gifts > Mugs,Home & Garden > Kitchen & Dining > Tableware > Drinkware > Mugs,gift
4587026399,4587026399,"South African Slang Mug, Sharp Sharp Dictionary Gift, Saffa Heritage Coffee Cup","sharp sharp [shaap shaap], interjection: All good, cool; see you later. “Sharp sharp, chat tomorrow!” Part of our South African Dictionary series: the words every Saffa knows, wherever in the world they live now. Part of Sonneblom, our line of Afrikaans and South African heritage gifts, made for South Africans at home and all over the world. Printed to order by our production partner and shipped to your door; delivery time and shipping cost depend on where you live and are shown at checkout.",https://sonneblomdigitaal.co.za/shop/4587026399-sharp-sharp-mug/,https://i.etsystatic.com/63442998/r/il/581e38/8659875783/il_fullxfull.8659875783_ouk4.jpg,,15.99 USD,in stock,new,Sonneblom,Gifts > Mugs,Home & Garden > Kitchen & Dining > Tableware > Drinkware > Mugs,gift
4587031084,4587031084,"Ja Nee Mug, South African Slang Dictionary Mug, Funny Saffa Gift","ja nee [yah NEE-uh], phrase: Literally “yes no”. Means “that’s so true”. “Ja nee, it’s hot today.” Part of our South African Dictionary series: the words every Saffa knows, wherever in the world they live now. Part of Sonneblom, our line of Afrikaans and South African heritage gifts, made for South Africans at home and all over the world. Printed to order by our production partner and shipped to your door; delivery time and shipping cost depend on where you live and are shown at checkout.",https://sonneblomdigitaal.co.za/shop/4587031084-ja-nee-mug/,https://i.etsystatic.com/63442998/r/il/57aaca/8659875017/il_fullxfull.8659875017_fplg.jpg,,15.99 USD,in stock,new,Sonneblom,Gifts > Mugs,Home & Garden > Kitchen & Dining > Tableware > Drinkware > Mugs,gift
4587030994,4587030994,"Howzit Mug, South African Slang Dictionary Mug, Funny Saffa Gift","howzit [HOW-zit], greeting: Hello, how are you? (No answer required.) “Howzit, bru!” Part of our South African Dictionary series: the words every Saffa knows, wherever in the world they live now. Part of Sonneblom, our line of Afrikaans and South African heritage gifts, made for South Africans at home and all over the world. Printed to order by our production partner and shipped to your door; delivery time and shipping cost depend on where you live and are shown at checkout.",https://sonneblomdigitaal.co.za/shop/4587030994-howzit-mug/,https://i.etsystatic.com/63442998/r/il/0b951e/8612044644/il_fullxfull.8612044644_hdzy.jpg,,15.99 USD,in stock,new,Sonneblom,Gifts > Mugs,Home & Garden > Kitchen & Dining > Tableware > Drinkware > Mugs,gift
4587030860,4587030860,"South African Slang Mug, Now Now Dictionary, Saffa Gift","now now [now now], adverb: In a little while. Sooner than “just now”, later than “now”. “I’ll do it now now.” Part of our South African Dictionary series: the words every Saffa knows, wherever in the world they live now. Part of Sonneblom, our line of Afrikaans and South African heritage gifts, made for South Africans at home and all over the world. Printed to order by our production partner and shipped to your door; delivery time and shipping cost depend on where you live and are shown at checkout.",https://sonneblomdigitaal.co.za/shop/4587030860-now-now-mug/,https://i.etsystatic.com/63442998/r/il/08cd90/8659873339/il_fullxfull.8659873339_f0lj.jpg,,15.99 USD,in stock,new,Sonneblom,Gifts > Mugs,Home & Garden > Kitchen & Dining > Tableware > Drinkware > Mugs,gift
4587026029,4587026029,"Eish Mug, South African Slang Dictionary Mug, Funny Saffa Gift","eish [aysh], interjection: Used to express surprise, frustration or resignation. “Eish, loadshedding again.” Part of our South African Dictionary series: the words every Saffa knows, wherever in the world they live now. Part of Sonneblom, our line of Afrikaans and South African heritage gifts, made for South Africans at home and all over the world. Printed to order by our production partner and shipped to your door; delivery time and shipping cost depend on where you live and are shown at checkout.",https://sonneblomdigitaal.co.za/shop/4587026029-eish-mug/,https://i.etsystatic.com/63442998/r/il/3a6031/8612042962/il_fullxfull.8612042962_9mnl.jpg,,15.99 USD,in stock,new,Sonneblom,Gifts > Mugs,Home & Garden > Kitchen & Dining > Tableware > Drinkware > Mugs,gift
4587030680,4587030680,"Lekker Mug, South African Slang Dictionary Mug, Funny Saffa Gift","lekker [LEK-uh], adjective: Nice, great, delicious. The best word there is. “That braai was lekker!” Part of our South African Dictionary series: the words every Saffa knows, wherever in the world they live now. Part of Sonneblom, our line of Afrikaans and South African heritage gifts, made for South Africans at home and all over the world. Printed to order by our production partner and shipped to your door; delivery time and shipping cost depend on where you live and are shown at checkout.",https://sonneblomdigitaal.co.za/shop/4587030680-lekker-mug/,https://i.etsystatic.com/63442998/r/il/2f645d/8612042338/il_fullxfull.8612042338_3574.jpg,,15.99 USD,in stock,new,Sonneblom,Gifts > Mugs,Home & Garden > Kitchen & Dining > Tableware > Drinkware > Mugs,gift
4587015635,4587015635,"Eish! Nog Maandag Mug, Funny South African Coffee Cup, Afrikaans Heritage Gift","Eish! Nog Maandag (another Monday). A funny South African mug for the office. Part of Sonneblom, our line of Afrikaans and South African heritage gifts, made for South Africans at home and all over the world. Printed to order by our production partner and shipped to your door; delivery time and shipping cost depend on where you live and are shown at checkout.",https://sonneblomdigitaal.co.za/shop/4587015635-eish-nog-maandag-mug/,https://i.etsystatic.com/63442998/r/il/d0bdc6/8659786751/il_fullxfull.8659786751_75ru.jpg,,15.99 USD,in stock,new,Sonneblom,Gifts > Mugs,Home & Garden > Kitchen & Dining > Tableware > Drinkware > Mugs,gift
4587015595,4587015595,"Koffie en Beskuit Mug, Afrikaans Coffee and Rusks Mug, South African Gift","Koffie en beskuit is my love language. For every South African who dunks a rusk in their morning coffee. Part of Sonneblom, our line of Afrikaans and South African heritage gifts, made for South Africans at home and all over the world. Printed to order by our production partner and shipped to your door; delivery time and shipping cost depend on where you live and are shown at checkout.",https://sonneblomdigitaal.co.za/shop/4587015595-koffie-en-beskuit-mug/,https://i.etsystatic.com/63442998/r/il/ff816a/8659786407/il_fullxfull.8659786407_dyp4.jpg,,15.99 USD,in stock,new,Sonneblom,Gifts > Mugs,Home & Garden > Kitchen & Dining > Tableware > Drinkware > Mugs,gift
4587020076,4587020076,"Afrikaans Oupa Mug, Beste Oupa in die Wêreld, Sunflower Coffee Cup","'Beste Oupa in die wêreld' (best grandpa in the world). An Afrikaans mug for oupa's coffee and beskuit. Part of Sonneblom, our line of Afrikaans and South African heritage gifts, made for South Africans at home and all over the world. Printed to order by our production partner and shipped to your door; delivery time and shipping cost depend on where you live and are shown at checkout.",https://sonneblomdigitaal.co.za/shop/4587020076-afrikaans-oupa-mug/,https://i.etsystatic.com/63442998/r/il/2c91d1/8659786081/il_fullxfull.8659786081_szxu.jpg,,15.99 USD,in stock,new,Sonneblom,Gifts > Mugs,Home & Garden > Kitchen & Dining > Tableware > Drinkware > Mugs,gift
4587020040,4587020040,"Beste Ouma in die Wêreld Mug, Afrikaans Grandma Gift, Sunflower Design","'Beste Ouma in die wêreld' (best grandma in the world). An Afrikaans mug for the ouma who has everything. Part of Sonneblom, our line of Afrikaans and South African heritage gifts, made for South Africans at home and all over the world. Printed to order by our production partner and shipped to your door; delivery time and shipping cost depend on where you live and are shown at checkout.",https://sonneblomdigitaal.co.za/shop/4587020040-beste-ouma-in-die-wereld-mug/,https://i.etsystatic.com/63442998/r/il/33fea2/8659785763/il_fullxfull.8659785763_cq5u.jpg,,15.99 USD,in stock,new,Sonneblom,Gifts > Mugs,Home & Garden > Kitchen & Dining > Tableware > Drinkware > Mugs,gift
4587045844,4587045844,"Keresemese e Monate Mug, Merry Christmas in Sesotho, South African Christmas Gift","“Keresemese e Monate”: Merry Christmas in Sesotho. A festive mug for South African families at home and abroad. Part of Sonneblom, our line of Afrikaans and South African heritage gifts, made for South Africans at home and all over the world. Printed to order by our production partner and shipped to your door; delivery time and shipping cost depend on where you live and are shown at checkout.",https://sonneblomdigitaal.co.za/shop/4587045844-keresemese-e-monate-mug/,https://i.etsystatic.com/63442998/r/il/7ee8e0/8612164288/il_fullxfull.8612164288_541r.jpg,,15.99 USD,in stock,new,Sonneblom,Gifts > Christmas,Home & Garden > Kitchen & Dining > Tableware > Drinkware > Mugs,gift
4587045796,4587045796,"Krismesi Emnandi Mug, Merry Christmas in isiXhosa, South African Christmas Gift","“Krismesi Emnandi”: Merry Christmas in isiXhosa. A festive mug for South African families at home and abroad. Part of Sonneblom, our line of Afrikaans and South African heritage gifts, made for South Africans at home and all over the world. Printed to order by our production partner and shipped to your door; delivery time and shipping cost depend on where you live and are shown at checkout.",https://sonneblomdigitaal.co.za/shop/4587045796-krismesi-emnandi-mug/,https://i.etsystatic.com/63442998/r/il/0b41e0/8612163926/il_fullxfull.8612163926_ept9.jpg,,15.99 USD,in stock,new,Sonneblom,Gifts > Christmas,Home & Garden > Kitchen & Dining > Tableware > Drinkware > Mugs,gift
4587045748,4587045748,"UKhisimusi Omuhle Mug, Merry Christmas in isiZulu, South African Christmas Gift","“UKhisimusi Omuhle”: Merry Christmas in isiZulu. A festive mug for South African families at home and abroad. Part of Sonneblom, our line of Afrikaans and South African heritage gifts, made for South Africans at home and all over the world. Printed to order by our production partner and shipped to your door; delivery time and shipping cost depend on where you live and are shown at checkout.",https://sonneblomdigitaal.co.za/shop/4587045748-ukhisimusi-omuhle-mug/,https://i.etsystatic.com/63442998/r/il/dbc685/8612163520/il_fullxfull.8612163520_89vc.jpg,,15.99 USD,in stock,new,Sonneblom,Gifts > Christmas,Home & Garden > Kitchen & Dining > Tableware > Drinkware > Mugs,gift
4587040503,4587040503,"Geseënde Kersfees Mug, Merry Christmas in Afrikaans, South African Christmas Gift","“Geseënde Kersfees”: Merry Christmas in Afrikaans. A festive mug for South African families at home and abroad. Part of Sonneblom, our line of Afrikaans and South African heritage gifts, made for South Africans at home and all over the world. Printed to order by our production partner and shipped to your door; delivery time and shipping cost depend on where you live and are shown at checkout.",https://sonneblomdigitaal.co.za/shop/4587040503-geseende-kersfees-mug/,https://i.etsystatic.com/63442998/r/il/39185f/8659993261/il_fullxfull.8659993261_q1d0.jpg,,15.99 USD,in stock,new,Sonneblom,Gifts > Christmas,Home & Garden > Kitchen & Dining > Tableware > Drinkware > Mugs,gift
4589557262,4589557262,"Baby's First Saffa Christmas Christmas Ornament, South African Gift","My first Saffa Christmas. A ceramic keepsake ornament for baby's first South African Christmas. Part of Sonneblom, our line of Afrikaans and South African heritage gifts, made for South Africans at home and all over the world. Printed to order by our production partner and shipped to your door; delivery time and shipping cost depend on where you live and are shown at checkout.",https://sonneblomdigitaal.co.za/shop/4589557262-baby-s-first-saffa-christmas-christmas-ornament/,https://i.etsystatic.com/63442998/r/il/1050fb/8679289845/il_fullxfull.8679289845_pbdp.jpg,https://i.etsystatic.com/63442998/r/il/558a56/8631468746/il_fullxfull.8631468746_gglm.jpg,12.99 USD,in stock,new,Sonneblom,Gifts > Christmas,Home & Garden > Decor > Seasonal & Holiday Decorations > Holiday Ornaments,gift
4589546909,4589546909,"Our First Christmas Away From South Africa Christmas Ornament, South African Gift","Our first Christmas away from South Africa. A ceramic keepsake for the year you started over somewhere new. Part of Sonneblom, our line of Afrikaans and South African heritage gifts, made for South Africans at home and all over the world. Printed to order by our production partner and shipped to your door; delivery time and shipping cost depend on where you live and are shown at checkout.",https://sonneblomdigitaal.co.za/shop/4589546909-our-first-christmas-away-from-south-africa-christmas-ornamen/,https://i.etsystatic.com/63442998/r/il/910bac/8631467178/il_fullxfull.8631467178_tsy7.jpg,https://i.etsystatic.com/63442998/r/il/3b10ea/8631467626/il_fullxfull.8631467626_9yen.jpg,12.99 USD,in stock,new,Sonneblom,Gifts > Christmas,Home & Garden > Decor > Seasonal & Holiday Decorations > Holiday Ornaments,gift
4587085322,4587085322,"Ho Ho Howzit Christmas Ornament, South African Gift","Ho Ho Howzit! A ceramic keepsake ornament for South African families at home and abroad. Part of Sonneblom, our line of Afrikaans and South African heritage gifts, made for South Africans at home and all over the world. Printed to order by our production partner and shipped to your door; delivery time and shipping cost depend on where you live and are shown at checkout.",https://sonneblomdigitaal.co.za/shop/4587085322-ho-ho-howzit-christmas-ornament/,https://i.etsystatic.com/63442998/r/il/42e3e3/8612471334/il_fullxfull.8612471334_k5cz.jpg,https://i.etsystatic.com/63442998/r/il/fcd291/8612471966/il_fullxfull.8612471966_avh3.jpg,12.99 USD,in stock,new,Sonneblom,Gifts > Christmas,Home & Garden > Decor > Seasonal & Holiday Decorations > Holiday Ornaments,gift
4587026989,4587026989,"Keresemese e Monate Sesotho Christmas Ornament, South African Heritage Keepsake","“Keresemese e Monate”: Merry Christmas in Sesotho. A ceramic keepsake ornament for South African families at home and abroad. Part of Sonneblom, our line of Afrikaans and South African heritage gifts, made for South Africans at home and all over the world. Printed to order by our production partner and shipped to your door; delivery time and shipping cost depend on where you live and are shown at checkout.",https://sonneblomdigitaal.co.za/shop/4587026989-keresemese-e-monate-christmas-ornament/,https://i.etsystatic.com/63442998/r/il/840fc4/8659880987/il_fullxfull.8659880987_fqyd.jpg,,12.99 USD,in stock,new,Sonneblom,Gifts > Christmas,Home & Garden > Decor > Seasonal & Holiday Decorations > Holiday Ornaments,gift
4587026921,4587026921,"Merry Christmas in isiXhosa Ceramic Ornament, South African Heritage Keepsake","“Krismesi Emnandi”: Merry Christmas in isiXhosa. A ceramic keepsake ornament for South African families at home and abroad. Part of Sonneblom, our line of Afrikaans and South African heritage gifts, made for South Africans at home and all over the world. Printed to order by our production partner and shipped to your door; delivery time and shipping cost depend on where you live and are shown at checkout.",https://sonneblomdigitaal.co.za/shop/4587026921-krismesi-emnandi-christmas-ornament/,https://i.etsystatic.com/63442998/r/il/e460bd/8659880491/il_fullxfull.8659880491_j42b.jpg,,12.99 USD,in stock,new,Sonneblom,Gifts > Christmas,Home & Garden > Decor > Seasonal & Holiday Decorations > Holiday Ornaments,gift
4587026859,4587026859,"Ceramic Christmas Ornament, Ukhisimusi Omuhle, isiZulu South African Heritage Gift","“UKhisimusi Omuhle”: Merry Christmas in isiZulu. A ceramic keepsake ornament for South African families at home and abroad. Part of Sonneblom, our line of Afrikaans and South African heritage gifts, made for South Africans at home and all over the world. Printed to order by our production partner and shipped to your door; delivery time and shipping cost depend on where you live and are shown at checkout.",https://sonneblomdigitaal.co.za/shop/4587026859-ukhisimusi-omuhle-christmas-ornament/,https://i.etsystatic.com/63442998/r/il/647710/8659879929/il_fullxfull.8659879929_ojpl.jpg,,12.99 USD,in stock,new,Sonneblom,Gifts > Christmas,Home & Garden > Decor > Seasonal & Holiday Decorations > Holiday Ornaments,gift
4587026797,4587026797,"Afrikaans Christmas Ornament, Geseënde Kersfees, South African Keepsake (Ceramic)","“Geseënde Kersfees”: Merry Christmas in Afrikaans. A ceramic keepsake ornament for South African families at home and abroad. Part of Sonneblom, our line of Afrikaans and South African heritage gifts, made for South Africans at home and all over the world. Printed to order by our production partner and shipped to your door; delivery time and shipping cost depend on where you live and are shown at checkout.",https://sonneblomdigitaal.co.za/shop/4587026797-geseende-kersfees-christmas-ornament/,https://i.etsystatic.com/63442998/r/il/22ef19/8612049532/il_fullxfull.8612049532_j8hu.jpg,,12.99 USD,in stock,new,Sonneblom,Gifts > Christmas,Home & Garden > Decor > Seasonal & Holiday Decorations > Holiday Ornaments,gift
4587031544,4587031544,"South African Christmas Ornament, Merry Christmas in 5 Languages, Afrikaans Zulu Xhosa Sesotho","Merry Christmas in English, Afrikaans (Geseënde Kersfees), isiZulu (UKhisimusi Omuhle), isiXhosa (Krismesi Emnandi) and Sesotho (Keresemese e Monate). Part of Sonneblom, our line of Afrikaans and South African heritage gifts, made for South Africans at home and all over the world. Printed to order by our production partner and shipped to your door; delivery time and shipping cost depend on where you live and are shown at checkout.",https://sonneblomdigitaal.co.za/shop/4587031544-south-african-christmas-ornament/,https://i.etsystatic.com/63442998/r/il/130403/8612048724/il_fullxfull.8612048724_8yie.jpg,,12.99 USD,in stock,new,Sonneblom,Gifts > Christmas,Home & Garden > Decor > Seasonal & Holiday Decorations > Holiday Ornaments,gift
4592489428,4592489428,"Self Care For The Undead Mummy Spa Halloween Hoodie, Funny Spooky Season Hoodie, Quirky Halloween Gift","Self Care For The Undead Mummy Spa: a busy, funny Halloween illustration packed with little details to spot. A quirky, fully illustrated Halloween design, printed on a cosy heavyweight blend. Printed to order and shipped worldwide; check the size chart for the fit. Made by Sonneblom Digitaal.",https://sonneblomdigitaal.co.za/shop/4592489428-self-care-for-the-undead-mummy-spa-halloween-hoodie/,https://i.etsystatic.com/63442998/r/il/0581fc/8654379176/il_fullxfull.8654379176_f4ge.jpg,"https://i.etsystatic.com/63442998/r/il/9ed1b0/8702205259/il_fullxfull.8702205259_tr5d.jpg,https://i.etsystatic.com/63442998/r/il/30d0aa/8654380074/il_fullxfull.8654380074_r6sw.jpg,https://i.etsystatic.com/63442998/r/il/645026/8702206029/il_fullxfull.8702206029_eef1.jpg,https://i.etsystatic.com/63442998/r/il/8f1106/8702206635/il_fullxfull.8702206635_ewpw.jpg",39.99 USD,in stock,new,Sonneblom,Gifts > Home & Kitchen,Apparel & Accessories > Clothing > Shirts & Tops,gift
4592474315,4592474315,"Spice Witch Pumpkin Spice Coffee Shop Halloween Hoodie, Funny Spooky Season Hoodie, Quirky Halloween Gift","Spice Witch Pumpkin Spice Coffee Shop: a busy, funny Halloween illustration packed with little details to spot. A quirky, fully illustrated Halloween design, printed on a cosy heavyweight blend. Printed to order and shipped worldwide; check the size chart for the fit. Made by Sonneblom Digitaal.",https://sonneblomdigitaal.co.za/shop/4592474315-spice-witch-pumpkin-spice-coffee-shop-halloween-hoodie/,https://i.etsystatic.com/63442998/r/il/91c3d8/8654378284/il_fullxfull.8654378284_tchm.jpg,"https://i.etsystatic.com/63442998/r/il/7655bc/8654378892/il_fullxfull.8654378892_rxud.jpg,https://i.etsystatic.com/63442998/r/il/8c8e66/8654380040/il_fullxfull.8654380040_imkn.jpg,https://i.etsystatic.com/63442998/r/il/6f893c/8654380428/il_fullxfull.8654380428_she4.jpg,https://i.etsystatic.com/63442998/r/il/ddab9a/8654380770/il_fullxfull.8654380770_27bj.jpg",39.99 USD,in stock,new,Sonneblom,Gifts > Home & Kitchen,Apparel & Accessories > Clothing > Shirts & Tops,gift
4592474211,4592474211,"Frankencorgi It's Alive And Hungry Halloween Hoodie, Funny Spooky Season Hoodie, Quirky Halloween Gift","Frankencorgi It's Alive And Hungry: a busy, funny Halloween illustration packed with little details to spot. A quirky, fully illustrated Halloween design, printed on a cosy heavyweight blend. Printed to order and shipped worldwide; check the size chart for the fit. Made by Sonneblom Digitaal.",https://sonneblomdigitaal.co.za/shop/4592474211-frankencorgi-it-s-alive-and-hungry-halloween-hoodie/,https://i.etsystatic.com/63442998/r/il/acb799/8654377490/il_fullxfull.8654377490_h6hf.jpg,"https://i.etsystatic.com/63442998/r/il/28c001/8654378546/il_fullxfull.8654378546_j5xu.jpg,https://i.etsystatic.com/63442998/r/il/ea9e3c/8654379510/il_fullxfull.8654379510_dd4z.jpg,https://i.etsystatic.com/63442998/r/il/3e18ee/8654380050/il_fullxfull.8654380050_4s84.jpg,https://i.etsystatic.com/63442998/r/il/88cf93/8702206115/il_fullxfull.8702206115_f38d.jpg",39.99 USD,in stock,new,Sonneblom,Gifts > Home & Kitchen,Apparel & Accessories > Clothing > Shirts & Tops,gift
4592474099,4592474099,"Plant Lady Boo Haunted Greenhouse Halloween Hoodie, Funny Spooky Season Hoodie, Quirky Halloween Gift","Plant Lady Boo Haunted Greenhouse: a busy, funny Halloween illustration packed with little details to spot. A quirky, fully illustrated Halloween design, printed on a cosy heavyweight blend. Printed to order and shipped worldwide; check the size chart for the fit. Made by Sonneblom Digitaal.",https://sonneblomdigitaal.co.za/shop/4592474099-plant-lady-boo-haunted-greenhouse-halloween-hoodie/,https://i.etsystatic.com/63442998/r/il/8154fe/8654376636/il_fullxfull.8654376636_py9i.jpg,"https://i.etsystatic.com/63442998/r/il/e0074a/8702202975/il_fullxfull.8702202975_r1bt.jpg,https://i.etsystatic.com/63442998/r/il/ac3694/8654378004/il_fullxfull.8654378004_6dsl.jpg,https://i.etsystatic.com/63442998/r/il/0ca4da/8702204715/il_fullxfull.8702204715_1zq5.jpg,https://i.etsystatic.com/63442998/r/il/eb0d6d/8654379552/il_fullxfull.8654379552_mmm1.jpg",39.99 USD,in stock,new,Sonneblom,Gifts > Home & Kitchen,Apparel & Accessories > Clothing > Shirts & Tops,gift
4592488988,4592488988,"Batty Disco Dancing Bats Halloween Hoodie, Funny Spooky Season Hoodie, Quirky Halloween Gift","Batty Disco Dancing Bats: a busy, funny Halloween illustration packed with little details to spot. A quirky, fully illustrated Halloween design, printed on a cosy heavyweight blend. Printed to order and shipped worldwide; check the size chart for the fit. Made by Sonneblom Digitaal.",https://sonneblomdigitaal.co.za/shop/4592488988-batty-disco-dancing-bats-halloween-hoodie/,https://i.etsystatic.com/63442998/r/il/9e88f3/8654375806/il_fullxfull.8654375806_9bhk.jpg,"https://i.etsystatic.com/63442998/r/il/008477/8654376542/il_fullxfull.8654376542_n2ck.jpg,https://i.etsystatic.com/63442998/r/il/a60b98/8654377136/il_fullxfull.8654377136_fghk.jpg,https://i.etsystatic.com/63442998/r/il/f97636/8702203337/il_fullxfull.8702203337_7j4p.jpg,https://i.etsystatic.com/63442998/r/il/d29203/8702204093/il_fullxfull.8702204093_9o4e.jpg",39.99 USD,in stock,new,Sonneblom,Gifts > Home & Kitchen,Apparel & Accessories > Clothing > Shirts & Tops,gift
4592488884,4592488884,"Modern Witchcraft Cat Robot Vacuum Halloween Hoodie, Funny Spooky Season Hoodie, Quirky Halloween Gift","Modern Witchcraft Cat Robot Vacuum: a busy, funny Halloween illustration packed with little details to spot. A quirky, fully illustrated Halloween design, printed on a cosy heavyweight blend. Printed to order and shipped worldwide; check the size chart for the fit. Made by Sonneblom Digitaal.",https://sonneblomdigitaal.co.za/shop/4592488884-modern-witchcraft-cat-robot-vacuum-halloween-hoodie/,https://i.etsystatic.com/63442998/r/il/b6a241/8702200591/il_fullxfull.8702200591_h9d3.jpg,"https://i.etsystatic.com/63442998/r/il/2fb3be/8702201153/il_fullxfull.8702201153_6a9e.jpg,https://i.etsystatic.com/63442998/r/il/3933b7/8702201709/il_fullxfull.8702201709_18co.jpg,https://i.etsystatic.com/63442998/r/il/67cceb/8654377228/il_fullxfull.8654377228_e5sg.jpg,https://i.etsystatic.com/63442998/r/il/9e04a6/8654378016/il_fullxfull.8654378016_qsaf.jpg",39.99 USD,in stock,new,Sonneblom,Gifts > Home & Kitchen,Apparel & Accessories > Clothing > Shirts & Tops,gift
4592473723,4592473723,"Boo-Tea Time Ghost Tea Party Halloween Hoodie, Funny Spooky Season Hoodie, Quirky Halloween Gift","Boo-Tea Time Ghost Tea Party: a busy, funny Halloween illustration packed with little details to spot. A quirky, fully illustrated Halloween design, printed on a cosy heavyweight blend. Printed to order and shipped worldwide; check the size chart for the fit. Made by Sonneblom Digitaal.",https://sonneblomdigitaal.co.za/shop/4592473723-boo-tea-time-ghost-tea-party-halloween-hoodie/,https://i.etsystatic.com/63442998/r/il/21b6bc/8702199877/il_fullxfull.8702199877_e482.jpg,"https://i.etsystatic.com/63442998/r/il/8d7138/8702200861/il_fullxfull.8702200861_8wvm.jpg,https://i.etsystatic.com/63442998/r/il/aa3903/8702201371/il_fullxfull.8702201371_gls1.jpg,https://i.etsystatic.com/63442998/r/il/c59cf6/8702202013/il_fullxfull.8702202013_hy4a.jpg,https://i.etsystatic.com/63442998/r/il/56a551/8654377834/il_fullxfull.8654377834_ggev.jpg",39.99 USD,in stock,new,Sonneblom,Gifts > Home & Kitchen,Apparel & Accessories > Clothing > Shirts & Tops,gift
4592488634,4592488634,"Skele-Gains Skeleton Gym Halloween Hoodie, Funny Spooky Season Hoodie, Quirky Halloween Gift","Skele-Gains Skeleton Gym: a busy, funny Halloween illustration packed with little details to spot. A quirky, fully illustrated Halloween design, printed on a cosy heavyweight blend. Printed to order and shipped worldwide; check the size chart for the fit. Made by Sonneblom Digitaal.",https://sonneblomdigitaal.co.za/shop/4592488634-skele-gains-skeleton-gym-halloween-hoodie/,https://i.etsystatic.com/63442998/r/il/489053/8654373458/il_fullxfull.8654373458_3ox9.jpg,"https://i.etsystatic.com/63442998/r/il/88d414/8702199747/il_fullxfull.8702199747_rhmf.jpg,https://i.etsystatic.com/63442998/r/il/708e86/8654375112/il_fullxfull.8654375112_c4bm.jpg,https://i.etsystatic.com/63442998/r/il/9eec0f/8654375854/il_fullxfull.8654375854_agrl.jpg,https://i.etsystatic.com/63442998/r/il/990e55/8702202077/il_fullxfull.8702202077_p2yu.jpg",39.99 USD,in stock,new,Sonneblom,Gifts > Home & Kitchen,Apparel & Accessories > Clothing > Shirts & Tops,gift
4592489502,4592489502,"Self Care For The Undead Mummy Spa Halloween Sweatshirt, Funny Spooky Season Sweatshirt, Quirky Halloween Gift","Self Care For The Undead Mummy Spa: a busy, funny Halloween illustration packed with little details to spot. A quirky, fully illustrated Halloween design, printed on a cosy heavyweight blend. Printed to order and shipped worldwide; check the size chart for the fit. Made by Sonneblom Digitaal.",https://sonneblomdigitaal.co.za/shop/4592489502-self-care-for-the-undead-mummy-spa-halloween-sweatshirt/,https://i.etsystatic.com/63442998/r/il/9eb6c5/8654379650/il_fullxfull.8654379650_iglk.jpg,"https://i.etsystatic.com/63442998/r/il/fb7343/8654380166/il_fullxfull.8654380166_2ixt.jpg,https://i.etsystatic.com/63442998/r/il/b47d00/8702206167/il_fullxfull.8702206167_6b8l.jpg,https://i.etsystatic.com/63442998/r/il/4aace7/8702206543/il_fullxfull.8702206543_9s8u.jpg,https://i.etsystatic.com/63442998/r/il/10cc2b/8702207177/il_fullxfull.8702207177_qxyi.jpg",34.99 USD,in stock,new,Sonneblom,Gifts > Home & Kitchen,Apparel & Accessories > Clothing > Shirts & Tops,gift
4592474385,4592474385,"Spice Witch Pumpkin Spice Coffee Shop Halloween Sweatshirt, Funny Spooky Season Sweatshirt, Quirky Halloween Gift","Spice Witch Pumpkin Spice Coffee Shop: a busy, funny Halloween illustration packed with little details to spot. A quirky, fully illustrated Halloween design, printed on a cosy heavyweight blend. Printed to order and shipped worldwide; check the size chart for the fit. Made by Sonneblom Digitaal.",https://sonneblomdigitaal.co.za/shop/4592474385-spice-witch-pumpkin-spice-coffee-shop-halloween-sweatshirt/,https://i.etsystatic.com/63442998/r/il/91578d/8702204399/il_fullxfull.8702204399_cz36.jpg,"https://i.etsystatic.com/63442998/r/il/59e5a4/8654379374/il_fullxfull.8654379374_g8gn.jpg,https://i.etsystatic.com/63442998/r/il/0e25a6/8654379930/il_fullxfull.8654379930_35im.jpg,https://i.etsystatic.com/63442998/r/il/293456/8654380460/il_fullxfull.8654380460_ot8b.jpg,https://i.etsystatic.com/63442998/r/il/c37b46/8654380886/il_fullxfull.8654380886_90x5.jpg",34.99 USD,in stock,new,Sonneblom,Gifts > Home & Kitchen,Apparel & Accessories > Clothing > Shirts & Tops,gift
4592489272,4592489272,"Frankencorgi It's Alive And Hungry Halloween Sweatshirt, Funny Spooky Season Sweatshirt, Quirky Halloween Gift","Frankencorgi It's Alive And Hungry: a busy, funny Halloween illustration packed with little details to spot. A quirky, fully illustrated Halloween design, printed on a cosy heavyweight blend. Printed to order and shipped worldwide; check the size chart for the fit. Made by Sonneblom Digitaal.",https://sonneblomdigitaal.co.za/shop/4592489272-frankencorgi-it-s-alive-and-hungry-halloween-sweatshirt/,https://i.etsystatic.com/63442998/r/il/d2eb99/8654377854/il_fullxfull.8654377854_385g.jpg,"https://i.etsystatic.com/63442998/r/il/4fcdba/8702204465/il_fullxfull.8702204465_msr6.jpg,https://i.etsystatic.com/63442998/r/il/366349/8702205001/il_fullxfull.8702205001_66jx.jpg,https://i.etsystatic.com/63442998/r/il/a72a1f/8702205377/il_fullxfull.8702205377_2zxh.jpg,https://i.etsystatic.com/63442998/r/il/0a2513/8702206281/il_fullxfull.8702206281_8riz.jpg",34.99 USD,in stock,new,Sonneblom,Gifts > Home & Kitchen,Apparel & Accessories > Clothing > Shirts & Tops,gift
4592474163,4592474163,"Plant Lady Boo Haunted Greenhouse Halloween Sweatshirt, Funny Spooky Season Sweatshirt, Quirky Halloween Gift","Plant Lady Boo Haunted Greenhouse: a busy, funny Halloween illustration packed with little details to spot. A quirky, fully illustrated Halloween design, printed on a cosy heavyweight blend. Printed to order and shipped worldwide; check the size chart for the fit. Made by Sonneblom Digitaal.",https://sonneblomdigitaal.co.za/shop/4592474163-plant-lady-boo-haunted-greenhouse-halloween-sweatshirt/,https://i.etsystatic.com/63442998/r/il/fd9f10/8702202731/il_fullxfull.8702202731_jn89.jpg,"https://i.etsystatic.com/63442998/r/il/6d9b5c/8654377880/il_fullxfull.8654377880_kyob.jpg,https://i.etsystatic.com/63442998/r/il/0166f8/8654378454/il_fullxfull.8654378454_q8y6.jpg,https://i.etsystatic.com/63442998/r/il/164b2e/8654379174/il_fullxfull.8654379174_q755.jpg,https://i.etsystatic.com/63442998/r/il/6a62f0/8702205249/il_fullxfull.8702205249_60p4.jpg",34.99 USD,in stock,new,Sonneblom,Gifts > Home & Kitchen,Apparel & Accessories > Clothing > Shirts & Tops,gift
4592489018,4592489018,"Batty Disco Dancing Bats Halloween Sweatshirt, Funny Spooky Season Sweatshirt, Quirky Halloween Gift","Batty Disco Dancing Bats: a busy, funny Halloween illustration packed with little details to spot. A quirky, fully illustrated Halloween design, printed on a cosy heavyweight blend. Printed to order and shipped worldwide; check the size chart for the fit. Made by Sonneblom Digitaal.",https://sonneblomdigitaal.co.za/shop/4592489018-batty-disco-dancing-bats-halloween-sweatshirt/,https://i.etsystatic.com/63442998/r/il/c87b0f/8702201843/il_fullxfull.8702201843_qcxw.jpg,"https://i.etsystatic.com/63442998/r/il/8f5f8f/8654377116/il_fullxfull.8654377116_p9qb.jpg,https://i.etsystatic.com/63442998/r/il/e6e711/8702203605/il_fullxfull.8702203605_8sfp.jpg,https://i.etsystatic.com/63442998/r/il/ca32aa/8654378466/il_fullxfull.8654378466_2r5h.jpg,https://i.etsystatic.com/63442998/r/il/14b577/8654379226/il_fullxfull.8654379226_3zvw.jpg",34.99 USD,in stock,new,Sonneblom,Gifts > Home & Kitchen,Apparel & Accessories > Clothing > Shirts & Tops,gift
4592473885,4592473885,"Modern Witchcraft Cat Robot Vacuum Halloween Sweatshirt, Funny Spooky Season Sweatshirt, Quirky Halloween Gift","Modern Witchcraft Cat Robot Vacuum: a busy, funny Halloween illustration packed with little details to spot. A quirky, fully illustrated Halloween design, printed on a cosy heavyweight blend. Printed to order and shipped worldwide; check the size chart for the fit. Made by Sonneblom Digitaal.",https://sonneblomdigitaal.co.za/shop/4592473885-modern-witchcraft-cat-robot-vacuum-halloween-sweatshirt/,https://i.etsystatic.com/63442998/r/il/3534af/8702201019/il_fullxfull.8702201019_m7b7.jpg,"https://i.etsystatic.com/63442998/r/il/583117/8654376274/il_fullxfull.8654376274_isis.jpg,https://i.etsystatic.com/63442998/r/il/30ef4a/8654376842/il_fullxfull.8654376842_45r3.jpg,https://i.etsystatic.com/63442998/r/il/f7ed70/8702205055/il_fullxfull.8702205055_s8pd.jpg,https://i.etsystatic.com/63442998/r/il/8764d0/8702205607/il_fullxfull.8702205607_bfuc.jpg",34.99 USD,in stock,new,Sonneblom,Gifts > Home & Kitchen,Apparel & Accessories > Clothing > Shirts & Tops,gift
4592473785,4592473785,"Boo-Tea Time Ghost Tea Party Halloween Sweatshirt, Funny Spooky Season Sweatshirt, Quirky Halloween Gift","Boo-Tea Time Ghost Tea Party: a busy, funny Halloween illustration packed with little details to spot. A quirky, fully illustrated Halloween design, printed on a cosy heavyweight blend. Printed to order and shipped worldwide; check the size chart for the fit. Made by Sonneblom Digitaal.",https://sonneblomdigitaal.co.za/shop/4592473785-boo-tea-time-ghost-tea-party-halloween-sweatshirt/,https://i.etsystatic.com/63442998/r/il/c40204/8702200207/il_fullxfull.8702200207_avqg.jpg,"https://i.etsystatic.com/63442998/r/il/8bd45e/8654375154/il_fullxfull.8654375154_aaux.jpg,https://i.etsystatic.com/63442998/r/il/92eb1c/8654375692/il_fullxfull.8654375692_6gng.jpg,https://i.etsystatic.com/63442998/r/il/a6b19b/8702202385/il_fullxfull.8702202385_r65d.jpg,https://i.etsystatic.com/63442998/r/il/2dbe75/8702203267/il_fullxfull.8702203267_p73h.jpg",34.99 USD,in stock,new,Sonneblom,Gifts > Home & Kitchen,Apparel & Accessories > Clothing > Shirts & Tops,gift
4592488692,4592488692,"Skele-Gains Skeleton Gym Halloween Sweatshirt, Funny Spooky Season Sweatshirt, Quirky Halloween Gift","Skele-Gains Skeleton Gym: a busy, funny Halloween illustration packed with little details to spot. A quirky, fully illustrated Halloween design, printed on a cosy heavyweight blend. Printed to order and shipped worldwide; check the size chart for the fit. Made by Sonneblom Digitaal.",https://sonneblomdigitaal.co.za/shop/4592488692-skele-gains-skeleton-gym-halloween-sweatshirt/,https://i.etsystatic.com/63442998/r/il/6685cb/8654373800/il_fullxfull.8654373800_pos0.jpg,"https://i.etsystatic.com/63442998/r/il/6af7bf/8702200279/il_fullxfull.8702200279_ja3a.jpg,https://i.etsystatic.com/63442998/r/il/2cbd01/8654375332/il_fullxfull.8654375332_2utp.jpg,https://i.etsystatic.com/63442998/r/il/c620b0/8702201951/il_fullxfull.8702201951_ewqt.jpg,https://i.etsystatic.com/63442998/r/il/f640f9/8702202607/il_fullxfull.8702202607_brq7.jpg",34.99 USD,in stock,new,Sonneblom,Gifts > Home & Kitchen,Apparel & Accessories > Clothing > Shirts & Tops,gift
4587027399,4587027399,"Braaimeester Apron, Afrikaans Braai Master Apron, South African Gift for Dad","Braaimeester. Ek braai, dus ek is. (I braai, therefore I am.) Part of Sonneblom, our line of Afrikaans and South African heritage gifts, made for South Africans at home and all over the world. Printed to order by our production partner and shipped to your door; delivery time and shipping cost depend on where you live and are shown at checkout.",https://sonneblomdigitaal.co.za/shop/4587027399-braaimeester-apron/,https://i.etsystatic.com/63442998/r/il/af2bc9/8659884387/il_fullxfull.8659884387_q8ym.jpg,https://i.etsystatic.com/63442998/r/il/c52169/8612054960/il_fullxfull.8612054960_fi2o.jpg,34.99 USD,in stock,new,Sonneblom,Gifts > Home & Kitchen,Home & Garden > Kitchen & Dining > Kitchen Tools & Utensils > Aprons,gift
4587085492,4587085492,"Home Is Where the Braai Is Tea Towel, South African Gift","Home is where the braai is. A tea towel for the South African kitchen. Part of Sonneblom, our line of Afrikaans and South African heritage gifts, made for South Africans at home and all over the world. Printed on demand by our production partner and shipped from a print facility near you.",https://sonneblomdigitaal.co.za/shop/4587085492-home-is-where-the-braai-is-tea-towel/,https://i.etsystatic.com/63442998/r/il/e73233/8612472680/il_fullxfull.8612472680_f040.jpg,,31.99 USD,in stock,new,Sonneblom,Gifts > Home & Kitchen,Home & Garden > Linens & Bedding > Towels > Kitchen Towels,gift
4587086662,4587086662,"Lekker Afrikaans Sunflower Tote Bag, South African Gift","Lekker: the one Afrikaans word every South African knows, on a sunflower tote. Part of Sonneblom, our line of Afrikaans and South African heritage gifts, made for South Africans at home and all over the world. Printed to order by our production partner and shipped to your door; delivery time and shipping cost depend on where you live and are shown at checkout.",https://sonneblomdigitaal.co.za/shop/4587086662-lekker-afrikaans-sunflower-tote-bag/,https://i.etsystatic.com/63442998/r/il/d5081e/8660313765/il_fullxfull.8660313765_qtfo.jpg,"https://i.etsystatic.com/63442998/r/il/eccb0e/8612480984/il_fullxfull.8612480984_mq5c.jpg,https://i.etsystatic.com/63442998/r/il/001c63/8660312145/il_fullxfull.8660312145_n122.jpg,https://i.etsystatic.com/63442998/r/il/f5441c/8612481996/il_fullxfull.8612481996_q94c.jpg,https://i.etsystatic.com/63442998/r/il/f61533/8660313069/il_fullxfull.8660313069_gxia.jpg,https://i.etsystatic.com/63442998/r/il/bdbdf7/8612483642/il_fullxfull.8612483642_occu.jpg,https://i.etsystatic.com/63442998/r/il/b60f8e/8612484156/il_fullxfull.8612484156_3bcf.jpg,https://i.etsystatic.com/63442998/r/il/90b3f9/8612484574/il_fullxfull.8612484574_27yg.jpg,https://i.etsystatic.com/63442998/r/il/ae6812/8660315767/il_fullxfull.8660315767_1v3x.jpg",22.99 USD,in stock,new,Sonneblom,Gifts > Home & Kitchen,Luggage & Bags > Shopping Totes,gift
4587080025,4587080025,"South African Slang Dictionary Phone Case, Eish Interjection Gift","eish [aysh], interjection: Used to express surprise, frustration or resignation. From our South African Dictionary series. Part of Sonneblom, our line of Afrikaans and South African heritage gifts, made for South Africans at home and all over the world. Printed to order by our production partner and shipped to your door; delivery time and shipping cost depend on where you live and are shown at checkout.",https://sonneblomdigitaal.co.za/shop/4587080025-eish-south-african-slang-dictionary-phone-case/,https://i.etsystatic.com/63442998/r/il/4261ce/8660308561/il_fullxfull.8660308561_bg50.jpg,"https://i.etsystatic.com/63442998/r/il/4dcceb/8612468980/il_fullxfull.8612468980_ej90.jpg,https://i.etsystatic.com/63442998/r/il/d2a74e/8660300183/il_fullxfull.8660300183_2d29.jpg,https://i.etsystatic.com/63442998/r/il/6f99f3/8660300729/il_fullxfull.8660300729_3xeq.jpg,https://i.etsystatic.com/63442998/r/il/cb1ade/8612470948/il_fullxfull.8612470948_9fvc.jpg,https://i.etsystatic.com/63442998/r/il/644ea1/8612471542/il_fullxfull.8612471542_b7qu.jpg,https://i.etsystatic.com/63442998/r/il/8333fa/8660302567/il_fullxfull.8660302567_r0gj.jpg,https://i.etsystatic.com/63442998/r/il/c6d486/8612472632/il_fullxfull.8612472632_3fy5.jpg,https://i.etsystatic.com/63442998/r/il/0fb3c1/8660303593/il_fullxfull.8660303593_ogj0.jpg,https://i.etsystatic.com/63442998/r/il/72d3bb/8660304143/il_fullxfull.8660304143_6ujb.jpg",20.99 USD,in stock,new,Sonneblom,Gifts > Home & Kitchen,Electronics > Communications > Telephony > Mobile Phone Accessories > Mobile Phone Cases,gift
4589547449,4589547449,"A Saffa Christmas Wall Art Print, South African Christmas Poster, Expat Gift","A Saffa Christmas: braai, beach, family. South African Christmas wall art for homes near and far. Part of Sonneblom, our line of Afrikaans and South African heritage gifts, made for South Africans at home and all over the world. Printed to order by our production partner and shipped to your door; delivery time and shipping cost depend on where you live and are shown at checkout.",https://sonneblomdigitaal.co.za/shop/4589547449-a-saffa-christmas-wall-art-print/,https://i.etsystatic.com/63442998/r/il/f73f24/8679292881/il_fullxfull.8679292881_cegr.jpg,"https://i.etsystatic.com/63442998/r/il/51659a/8679293365/il_fullxfull.8679293365_abdl.jpg,https://i.etsystatic.com/63442998/r/il/f617ca/8631471996/il_fullxfull.8631471996_b49h.jpg,https://i.etsystatic.com/63442998/r/il/40c6b2/8631472418/il_fullxfull.8631472418_kubr.jpg,https://i.etsystatic.com/63442998/r/il/cbd3ca/8631473038/il_fullxfull.8631473038_2qgp.jpg,https://i.etsystatic.com/63442998/r/il/8352b9/8679295459/il_fullxfull.8679295459_9vth.jpg,https://i.etsystatic.com/63442998/r/il/27cb1b/8631474028/il_fullxfull.8631474028_d8n2.jpg,https://i.etsystatic.com/63442998/r/il/a31f3d/8679296379/il_fullxfull.8679296379_fx9s.jpg,https://i.etsystatic.com/63442998/r/il/2cf70e/8679297587/il_fullxfull.8679297587_cmk1.jpg,https://i.etsystatic.com/63442998/r/il/a7b230/8679298131/il_fullxfull.8679298131_cpgl.jpg",19.99 USD,in stock,new,Sonneblom,Gifts > Home & Kitchen,"Home & Garden > Decor > Artwork > Posters, Prints, & Visual Artwork",gift
4589547005,4589547005,"My First Saffa Christmas Baby Bodysuit, South African Gift","My first Saffa Christmas. A bodysuit for the newest South African, wherever they were born. Part of Sonneblom, our line of Afrikaans and South African heritage gifts, made for South Africans at home and all over the world. Printed to order by our production partner and shipped to your door; delivery time and shipping cost depend on where you live and are shown at checkout.",https://sonneblomdigitaal.co.za/shop/4589547005-my-first-saffa-christmas-baby-bodysuit/,https://i.etsystatic.com/63442998/r/il/8b3c93/8679289271/il_fullxfull.8679289271_61fn.jpg,"https://i.etsystatic.com/63442998/r/il/6b25f8/8631467994/il_fullxfull.8631467994_rtxu.jpg,https://i.etsystatic.com/63442998/r/il/521c2d/8679290141/il_fullxfull.8679290141_n2y2.jpg",19.99 USD,in stock,new,Sonneblom,Gifts > Home & Kitchen,Apparel & Accessories > Clothing > Baby & Toddler Clothing > Baby One-Pieces,gift
4587086750,4587086750,"Afrikaans Nursery Print, I Love You to the Moon and Back, Sunflower Design","Ek is lief vir jou tot by die maan en terug (I love you to the moon and back). An Afrikaans nursery print. Part of Sonneblom, our line of Afrikaans and South African heritage gifts, made for South Africans at home and all over the world. Printed on demand by our production partner and shipped from a print facility near you.",https://sonneblomdigitaal.co.za/shop/4587086750-ek-is-lief-vir-jou-tot-by-die-maan-en-terug-nursery-print/,https://i.etsystatic.com/63442998/r/il/a7d834/8612486824/il_fullxfull.8612486824_5rw3.jpg,"https://i.etsystatic.com/63442998/r/il/366c10/8612481588/il_fullxfull.8612481588_tdou.jpg,https://i.etsystatic.com/63442998/r/il/a87d55/8612482074/il_fullxfull.8612482074_1dy0.jpg,https://i.etsystatic.com/63442998/r/il/95939b/8612482588/il_fullxfull.8612482588_srqb.jpg,https://i.etsystatic.com/63442998/r/il/c8acc3/8612483106/il_fullxfull.8612483106_mz6c.jpg,https://i.etsystatic.com/63442998/r/il/cc26b5/8612483652/il_fullxfull.8612483652_fzhq.jpg,https://i.etsystatic.com/63442998/r/il/f05d84/8612484100/il_fullxfull.8612484100_4t00.jpg,https://i.etsystatic.com/63442998/r/il/acc7bc/8612484532/il_fullxfull.8612484532_azxu.jpg,https://i.etsystatic.com/63442998/r/il/24eb01/8660315685/il_fullxfull.8660315685_jyu0.jpg,https://i.etsystatic.com/63442998/r/il/7d1c89/8612485440/il_fullxfull.8612485440_4m1z.jpg",19.99 USD,in stock,new,Sonneblom,Gifts > Home & Kitchen,"Home & Garden > Decor > Artwork > Posters, Prints, & Visual Artwork",gift
4587086480,4587086480,"Oupa se Maatjie Afrikaans Baby Bodysuit, South African Gift","Oupa se maatjie (grandpa's little buddy). An Afrikaans baby bodysuit. Part of Sonneblom, our line of Afrikaans and South African heritage gifts, made for South Africans at home and all over the world. Printed to order by our production partner and shipped to your door; delivery time and shipping cost depend on where you live and are shown at checkout.",https://sonneblomdigitaal.co.za/shop/4587086480-oupa-se-maatjie-afrikaans-baby-bodysuit/,https://i.etsystatic.com/63442998/r/il/881e55/8660311031/il_fullxfull.8660311031_hs3i.jpg,"https://i.etsystatic.com/63442998/r/il/83cb94/8660310149/il_fullxfull.8660310149_r1ct.jpg,https://i.etsystatic.com/63442998/r/il/5b0605/8660310721/il_fullxfull.8660310721_38b6.jpg",19.99 USD,in stock,new,Sonneblom,Gifts > Home & Kitchen,Apparel & Accessories > Clothing > Baby & Toddler Clothing > Baby One-Pieces,gift
4587081279,4587081279,"Ouma se Skattebol Afrikaans Baby Bodysuit, South African Gift","Ouma se skattebol (grandma's little treasure). An Afrikaans baby bodysuit. Part of Sonneblom, our line of Afrikaans and South African heritage gifts, made for South Africans at home and all over the world. Printed to order by our production partner and shipped to your door; delivery time and shipping cost depend on where you live and are shown at checkout.",https://sonneblomdigitaal.co.za/shop/4587081279-ouma-se-skattebol-afrikaans-baby-bodysuit/,https://i.etsystatic.com/63442998/r/il/7d5f47/8660310685/il_fullxfull.8660310685_1wjj.jpg,"https://i.etsystatic.com/63442998/r/il/f95d9e/8612479220/il_fullxfull.8612479220_n4x1.jpg,https://i.etsystatic.com/63442998/r/il/0117d9/8660310243/il_fullxfull.8660310243_7zq8.jpg",19.99 USD,in stock,new,Sonneblom,Gifts > Home & Kitchen,Apparel & Accessories > Clothing > Baby & Toddler Clothing > Baby One-Pieces,gift
4587086302,4587086302,"Jy Is My Sonskyn Afrikaans Nursery Print, South African Gift","Jy is my sonskyn (you are my sunshine). A sunflower nursery print in Afrikaans. Part of Sonneblom, our line of Afrikaans and South African heritage gifts, made for South Africans at home and all over the world. Printed to order by our production partner and shipped to your door; delivery time and shipping cost depend on where you live and are shown at checkout.",https://sonneblomdigitaal.co.za/shop/4587086302-jy-is-my-sonskyn-afrikaans-nursery-print/,https://i.etsystatic.com/63442998/r/il/31a3fa/8660314973/il_fullxfull.8660314973_pzn5.jpg,"https://i.etsystatic.com/63442998/r/il/a0038f/8660308893/il_fullxfull.8660308893_keok.jpg,https://i.etsystatic.com/63442998/r/il/250b48/8660309393/il_fullxfull.8660309393_t8za.jpg,https://i.etsystatic.com/63442998/r/il/13be47/8612479442/il_fullxfull.8612479442_l0a2.jpg,https://i.etsystatic.com/63442998/r/il/7f599c/8660310491/il_fullxfull.8660310491_hrzk.jpg,https://i.etsystatic.com/63442998/r/il/b9bdc8/8612480602/il_fullxfull.8612480602_pcka.jpg,https://i.etsystatic.com/63442998/r/il/4b0fa4/8660311589/il_fullxfull.8660311589_p0no.jpg,https://i.etsystatic.com/63442998/r/il/223ccb/8612481578/il_fullxfull.8612481578_63jj.jpg,https://i.etsystatic.com/63442998/r/il/23795f/8612482076/il_fullxfull.8612482076_3gbu.jpg,https://i.etsystatic.com/63442998/r/il/8cd846/8612482596/il_fullxfull.8612482596_gqta.jpg",19.99 USD,in stock,new,Sonneblom,Gifts > Home & Kitchen,"Home & Garden > Decor > Artwork > Posters, Prints, & Visual Artwork",gift
4587084938,4587084938,"Jy Is My Sonskyn Afrikaans Baby Bodysuit, South African Gift","Jy is my sonskyn (you are my sunshine). An Afrikaans baby bodysuit with a sunflower. Part of Sonneblom, our line of Afrikaans and South African heritage gifts, made for South Africans at home and all over the world. Printed to order by our production partner and shipped to your door; delivery time and shipping cost depend on where you live and are shown at checkout.",https://sonneblomdigitaal.co.za/shop/4587084938-jy-is-my-sonskyn-afrikaans-baby-bodysuit/,https://i.etsystatic.com/63442998/r/il/22c79d/8660299021/il_fullxfull.8660299021_udn2.jpg,"https://i.etsystatic.com/63442998/r/il/03b411/8612467920/il_fullxfull.8612467920_64gq.jpg,https://i.etsystatic.com/63442998/r/il/de9b13/8612469044/il_fullxfull.8612469044_2ydd.jpg",19.99 USD,in stock,new,Sonneblom,Gifts > Home & Kitchen,Apparel & Accessories > Clothing > Baby & Toddler Clothing > Baby One-Pieces,gift
4587027643,4587027643,"Gran's Recipes Hardcover Journal, Ouma se Resepte, South African Recipe Book Gift","A lined hardcover recipe journal for the family recipes that taste like home. Part of Sonneblom, our line of Afrikaans and South African heritage gifts, made for South Africans at home and all over the world. Printed to order by our production partner and shipped to your door; delivery time and shipping cost depend on where you live and are shown at checkout.",https://sonneblomdigitaal.co.za/shop/4587027643-gran-s-recipes-hardcover-journal/,https://i.etsystatic.com/63442998/r/il/afa221/8659886195/il_fullxfull.8659886195_bgjc.jpg,,19.99 USD,in stock,new,Sonneblom,Gifts > Home & Kitchen,Office Supplies > General Office Supplies > Paper Products > Notebooks & Notepads,gift
4587032410,4587032410,"Our Family Story Hardcover Journal, South African Family Keepsake, Ons Familie Storie","A lined hardcover journal to write down your family's story. Pairs with our printable Family Heritage Journal. Part of Sonneblom, our line of Afrikaans and South African heritage gifts, made for South Africans at home and all over the world. Printed to order by our production partner and shipped to your door; delivery time and shipping cost depend on where you live and are shown at checkout.",https://sonneblomdigitaal.co.za/shop/4587032410-our-family-story-hardcover-journal/,https://i.etsystatic.com/63442998/r/il/ef83f9/8659885849/il_fullxfull.8659885849_tcpx.jpg,,19.99 USD,in stock,new,Sonneblom,Gifts > Home & Kitchen,Office Supplies > General Office Supplies > Paper Products > Notebooks & Notepads,gift
4587020380,4587020380,"Afrikaanse Alfabet Poster, Afrikaans Alphabet Print for Kids Room, South African Nursery Art","My Afrikaanse Alfabet: A to Z in Afrikaans with a picture for every letter. For the playroom, nursery or classroom. Part of Sonneblom, our line of Afrikaans and South African heritage gifts, made for South Africans at home and all over the world. Printed to order by our production partner and shipped to your door; delivery time and shipping cost depend on where you live and are shown at checkout.",https://sonneblomdigitaal.co.za/shop/4587020380-afrikaanse-alfabet-poster/,https://i.etsystatic.com/63442998/r/il/d91f64/8659788333/il_fullxfull.8659788333_b5r0.jpg,"https://i.etsystatic.com/63442998/r/il/54a037/8659788807/il_fullxfull.8659788807_e785.jpg,https://i.etsystatic.com/63442998/r/il/24d697/8659789171/il_fullxfull.8659789171_37kk.jpg,https://i.etsystatic.com/63442998/r/il/8d5423/8611959878/il_fullxfull.8611959878_emp7.jpg,https://i.etsystatic.com/63442998/r/il/4bae0e/8659790137/il_fullxfull.8659790137_oz8z.jpg,https://i.etsystatic.com/63442998/r/il/45cbe1/8659790621/il_fullxfull.8659790621_ey4e.jpg,https://i.etsystatic.com/63442998/r/il/92a4ff/8611961274/il_fullxfull.8611961274_rlw5.jpg,https://i.etsystatic.com/63442998/r/il/038cb3/8611961788/il_fullxfull.8611961788_of0y.jpg",19.99 USD,in stock,new,Sonneblom,Gifts > Home & Kitchen,"Home & Garden > Decor > Artwork > Posters, Prints, & Visual Artwork",gift
4587020288,4587020288,"Morabaraba Board Game Print, South African Cattle Game Wall Art","A printed Morabaraba board: the cattle game of Southern Africa. Hang it on the wall, or lay it flat and play with 12 stones each. Part of Sonneblom, our line of Afrikaans and South African heritage gifts, made for South Africans at home and all over the world. Printed to order by our production partner and shipped to your door; delivery time and shipping cost depend on where you live and are shown at checkout.",https://sonneblomdigitaal.co.za/shop/4587020288-morabaraba-board-game-print/,https://i.etsystatic.com/63442998/r/il/4bcbd6/8659793595/il_fullxfull.8659793595_c1m1.jpg,"https://i.etsystatic.com/63442998/r/il/0f3028/8611958082/il_fullxfull.8611958082_fw4a.jpg,https://i.etsystatic.com/63442998/r/il/b62321/8611958496/il_fullxfull.8611958496_3kw1.jpg,https://i.etsystatic.com/63442998/r/il/59de16/8611958932/il_fullxfull.8611958932_h6wa.jpg,https://i.etsystatic.com/63442998/r/il/80c432/8659789077/il_fullxfull.8659789077_40np.jpg,https://i.etsystatic.com/63442998/r/il/ee132f/8611959716/il_fullxfull.8611959716_p6g0.jpg,https://i.etsystatic.com/63442998/r/il/49b159/8659789939/il_fullxfull.8659789939_9ry7.jpg,https://i.etsystatic.com/63442998/r/il/22117b/8611960716/il_fullxfull.8611960716_j04m.jpg,https://i.etsystatic.com/63442998/r/il/455969/8659790949/il_fullxfull.8659790949_801x.jpg,https://i.etsystatic.com/63442998/r/il/e92e20/8659791331/il_fullxfull.8659791331_2y65.jpg",19.99 USD,in stock,new,Sonneblom,Gifts > Home & Kitchen,"Home & Garden > Decor > Artwork > Posters, Prints, & Visual Artwork",gift
4589557506,4589557506,"Merry Braaimas Christmas Cards, South African Gift","Merry Braaimas! Christmas cards with a South African braai twist. Part of Sonneblom, our line of Afrikaans and South African heritage gifts, made for South Africans at home and all over the world. Printed to order by our production partner and shipped to your door; delivery time and shipping cost depend on where you live and are shown at checkout.",https://sonneblomdigitaal.co.za/shop/4589557506-merry-braaimas-christmas-cards/,https://i.etsystatic.com/63442998/r/il/abbc13/8631469678/il_fullxfull.8631469678_85i0.jpg,,5.99 USD,in stock,new,Sonneblom,Gifts > Home & Kitchen,Arts & Entertainment > Party & Celebration > Gift Giving > Greeting & Note Cards,gift
4587080369,4587080369,"Geseënde Kersfees Afrikaans Christmas Cards, South African Gift","Geseënde Kersfees en 'n voorspoedige Nuwejaar: Afrikaans Christmas cards (Merry Christmas and a prosperous New Year). Part of Sonneblom, our line of Afrikaans and South African heritage gifts, made for South Africans at home and all over the world. Printed to order by our production partner and shipped to your door; delivery time and shipping cost depend on where you live and are shown at checkout.",https://sonneblomdigitaal.co.za/shop/4587080369-geseende-kersfees-afrikaans-christmas-cards/,https://i.etsystatic.com/63442998/r/il/ce420f/8612471878/il_fullxfull.8612471878_etiy.jpg,,5.99 USD,in stock,new,Sonneblom,Gifts > Home & Kitchen,Arts & Entertainment > Party & Celebration > Gift Giving > Greeting & Note Cards,gift
4587085132,4587085132,"Ho Ho Howzit Christmas Cards, South African Gift","Ho Ho Howzit! Christmas cards for sending South African cheer to family and friends. Part of Sonneblom, our line of Afrikaans and South African heritage gifts, made for South Africans at home and all over the world. Printed to order by our production partner and shipped to your door; delivery time and shipping cost depend on where you live and are shown at checkout.",https://sonneblomdigitaal.co.za/shop/4587085132-ho-ho-howzit-christmas-cards/,https://i.etsystatic.com/63442998/r/il/11ff0d/8660300303/il_fullxfull.8660300303_ql3h.jpg,,5.99 USD,in stock,new,Sonneblom,Gifts > Home & Kitchen,Arts & Entertainment > Party & Celebration > Gift Giving > Greeting & Note Cards,gift
4587040447,4587040447,"Jislaaik Sticker, South African Slang Dictionary Sticker, Funny Saffa Gift","jislaaik [YIS-like], interjection: Wow! An expression of amazement. “Jislaaik, that’s a big spider!” Part of our South African Dictionary series: the words every Saffa knows, wherever in the world they live now. Part of Sonneblom, our line of Afrikaans and South African heritage gifts, made for South Africans at home and all over the world. Printed to order by our production partner and shipped to your door; delivery time and shipping cost depend on where you live and are shown at checkout.",https://sonneblomdigitaal.co.za/shop/4587040447-jislaaik-sticker/,https://i.etsystatic.com/63442998/r/il/d05140/8659995679/il_fullxfull.8659995679_j1jc.jpg,"https://i.etsystatic.com/63442998/r/il/b5399a/8612162680/il_fullxfull.8612162680_23yq.jpg,https://i.etsystatic.com/63442998/r/il/fc0f82/8612163112/il_fullxfull.8612163112_s84h.jpg,https://i.etsystatic.com/63442998/r/il/3ed75a/8612163488/il_fullxfull.8612163488_fj65.jpg,https://i.etsystatic.com/63442998/r/il/9a9d85/8612164026/il_fullxfull.8612164026_dsez.jpg,https://i.etsystatic.com/63442998/r/il/42a97c/8659994553/il_fullxfull.8659994553_gz8p.jpg,https://i.etsystatic.com/63442998/r/il/77b721/8612164802/il_fullxfull.8612164802_eh3p.jpg,https://i.etsystatic.com/63442998/r/il/7eacf4/8659995293/il_fullxfull.8659995293_7n76.jpg,https://i.etsystatic.com/63442998/r/il/48e25d/8612166088/il_fullxfull.8612166088_oikz.jpg,https://i.etsystatic.com/63442998/r/il/7e1173/8659996807/il_fullxfull.8659996807_73kn.jpg",3.99 USD,in stock,new,Sonneblom,Gifts > Stickers,Arts & Entertainment > Hobbies & Creative Arts > Arts & Crafts > Art & Crafting Materials > Embellishments & Trims > Decorative Stickers,gift
4587040391,4587040391,"Babbelas Sticker, South African Slang Dictionary Sticker, Funny Saffa Gift","babbelas [BUB-buh-lus], noun: A hangover. “Sorry, I have a serious babbelas.” Part of our South African Dictionary series: the words every Saffa knows, wherever in the world they live now. Part of Sonneblom, our line of Afrikaans and South African heritage gifts, made for South Africans at home and all over the world. Printed to order by our production partner and shipped to your door; delivery time and shipping cost depend on where you live and are shown at checkout.",https://sonneblomdigitaal.co.za/shop/4587040391-babbelas-sticker/,https://i.etsystatic.com/63442998/r/il/dc5512/8659998429/il_fullxfull.8659998429_la0u.jpg,"https://i.etsystatic.com/63442998/r/il/6ee2b3/8612162190/il_fullxfull.8612162190_a1ev.jpg,https://i.etsystatic.com/63442998/r/il/871f17/8659992847/il_fullxfull.8659992847_6bkn.jpg,https://i.etsystatic.com/63442998/r/il/ca5243/8659993259/il_fullxfull.8659993259_2brl.jpg,https://i.etsystatic.com/63442998/r/il/4cc908/8659993795/il_fullxfull.8659993795_fjf1.jpg,https://i.etsystatic.com/63442998/r/il/0daef7/8659994265/il_fullxfull.8659994265_l72v.jpg,https://i.etsystatic.com/63442998/r/il/c2f1d1/8612164756/il_fullxfull.8612164756_kbsz.jpg,https://i.etsystatic.com/63442998/r/il/36e8ec/8612165190/il_fullxfull.8612165190_kqd5.jpg,https://i.etsystatic.com/63442998/r/il/d466d9/8612165656/il_fullxfull.8612165656_t7gt.jpg,https://i.etsystatic.com/63442998/r/il/cd1dc6/8659996115/il_fullxfull.8659996115_bxgz.jpg",3.99 USD,in stock,new,Sonneblom,Gifts > Stickers,Arts & Entertainment > Hobbies & Creative Arts > Arts & Crafts > Art & Crafting Materials > Embellishments & Trims > Decorative Stickers,gift
4587040345,4587040345,"South African Slang Sticker, Sharp Sharp Dictionary, Saffa Gift","sharp sharp [shaap shaap], interjection: All good, cool; see you later. “Sharp sharp, chat tomorrow!” Part of our South African Dictionary series: the words every Saffa knows, wherever in the world they live now. Part of Sonneblom, our line of Afrikaans and South African heritage gifts, made for South Africans at home and all over the world. Printed to order by our production partner and shipped to your door; delivery time and shipping cost depend on where you live and are shown at checkout.",https://sonneblomdigitaal.co.za/shop/4587040345-sharp-sharp-sticker/,https://i.etsystatic.com/63442998/r/il/7499f1/8612162078/il_fullxfull.8612162078_r7a5.jpg,"https://i.etsystatic.com/63442998/r/il/b8c967/8612161666/il_fullxfull.8612161666_mtty.jpg,https://i.etsystatic.com/63442998/r/il/2bfe03/8612162564/il_fullxfull.8612162564_bhoo.jpg,https://i.etsystatic.com/63442998/r/il/35aa45/8659993235/il_fullxfull.8659993235_gtj0.jpg,https://i.etsystatic.com/63442998/r/il/504fb5/8659993695/il_fullxfull.8659993695_rs33.jpg,https://i.etsystatic.com/63442998/r/il/3b06cf/8659994381/il_fullxfull.8659994381_6wrg.jpg,https://i.etsystatic.com/63442998/r/il/a886ec/8612164628/il_fullxfull.8612164628_qhne.jpg,https://i.etsystatic.com/63442998/r/il/95a4bf/8612165014/il_fullxfull.8612165014_5f80.jpg,https://i.etsystatic.com/63442998/r/il/636436/8612165528/il_fullxfull.8612165528_kk9t.jpg,https://i.etsystatic.com/63442998/r/il/e4c392/8659996111/il_fullxfull.8659996111_f4fz.jpg",3.99 USD,in stock,new,Sonneblom,Gifts > Stickers,Arts & Entertainment > Hobbies & Creative Arts > Arts & Crafts > Art & Crafting Materials > Embellishments & Trims > Decorative Stickers,gift
4587045374,4587045374,"Ja Nee Sticker, South African Slang Dictionary Sticker, Funny Saffa Gift","ja nee [yah NEE-uh], phrase: Literally “yes no”. Means “that’s so true”. “Ja nee, it’s hot today.” Part of our South African Dictionary series: the words every Saffa knows, wherever in the world they live now. Part of Sonneblom, our line of Afrikaans and South African heritage gifts, made for South Africans at home and all over the world. Printed to order by our production partner and shipped to your door; delivery time and shipping cost depend on where you live and are shown at checkout.",https://sonneblomdigitaal.co.za/shop/4587045374-ja-nee-sticker/,https://i.etsystatic.com/63442998/r/il/2a79d5/8659996775/il_fullxfull.8659996775_5ok9.jpg,"https://i.etsystatic.com/63442998/r/il/debd67/8659991043/il_fullxfull.8659991043_3jch.jpg,https://i.etsystatic.com/63442998/r/il/c5d34b/8659991501/il_fullxfull.8659991501_6kic.jpg,https://i.etsystatic.com/63442998/r/il/79ac4f/8659991965/il_fullxfull.8659991965_eo4s.jpg,https://i.etsystatic.com/63442998/r/il/22ee18/8659992557/il_fullxfull.8659992557_2hog.jpg,https://i.etsystatic.com/63442998/r/il/5c7528/8612162822/il_fullxfull.8612162822_cyl0.jpg,https://i.etsystatic.com/63442998/r/il/9eaa93/8612163226/il_fullxfull.8612163226_59ft.jpg,https://i.etsystatic.com/63442998/r/il/42f86d/8612163676/il_fullxfull.8612163676_41iu.jpg,https://i.etsystatic.com/63442998/r/il/d8d039/8612164134/il_fullxfull.8612164134_t1q5.jpg,https://i.etsystatic.com/63442998/r/il/29e2f3/8659994653/il_fullxfull.8659994653_2lyx.jpg",3.99 USD,in stock,new,Sonneblom,Gifts > Stickers,Arts & Entertainment > Hobbies & Creative Arts > Arts & Crafts > Art & Crafting Materials > Embellishments & Trims > Decorative Stickers,gift
4587045316,4587045316,"Howzit Sticker, South African Slang Dictionary Sticker, Funny Saffa Gift","howzit [HOW-zit], greeting: Hello, how are you? (No answer required.) “Howzit, bru!” Part of our South African Dictionary series: the words every Saffa knows, wherever in the world they live now. Part of Sonneblom, our line of Afrikaans and South African heritage gifts, made for South Africans at home and all over the world. Printed to order by our production partner and shipped to your door; delivery time and shipping cost depend on where you live and are shown at checkout.",https://sonneblomdigitaal.co.za/shop/4587045316-howzit-sticker/,https://i.etsystatic.com/63442998/r/il/5f87b4/8659990879/il_fullxfull.8659990879_ejot.jpg,"https://i.etsystatic.com/63442998/r/il/323e25/8612160244/il_fullxfull.8612160244_qn0s.jpg,https://i.etsystatic.com/63442998/r/il/bd191e/8659991281/il_fullxfull.8659991281_o3j9.jpg,https://i.etsystatic.com/63442998/r/il/8bcb61/8659991845/il_fullxfull.8659991845_ozo4.jpg,https://i.etsystatic.com/63442998/r/il/c09aae/8659992271/il_fullxfull.8659992271_ro0t.jpg,https://i.etsystatic.com/63442998/r/il/b4b4dd/8659992739/il_fullxfull.8659992739_4lje.jpg,https://i.etsystatic.com/63442998/r/il/64afd6/8612163078/il_fullxfull.8612163078_ao47.jpg,https://i.etsystatic.com/63442998/r/il/991fb6/8612163460/il_fullxfull.8612163460_9t8n.jpg,https://i.etsystatic.com/63442998/r/il/945627/8612163882/il_fullxfull.8612163882_mtv6.jpg,https://i.etsystatic.com/63442998/r/il/2dc7f1/8659994495/il_fullxfull.8659994495_lf44.jpg",3.99 USD,in stock,new,Sonneblom,Gifts > Stickers,Arts & Entertainment > Hobbies & Creative Arts > Arts & Crafts > Art & Crafting Materials > Embellishments & Trims > Decorative Stickers,gift
4587045272,4587045272,"South African Slang Sticker, Now Now Dictionary, Saffa Gift","now now [now now], adverb: In a little while. Sooner than “just now”, later than “now”. “I’ll do it now now.” Part of our South African Dictionary series: the words every Saffa knows, wherever in the world they live now. Part of Sonneblom, our line of Afrikaans and South African heritage gifts, made for South Africans at home and all over the world. Printed to order by our production partner and shipped to your door; delivery time and shipping cost depend on where you live and are shown at checkout.",https://sonneblomdigitaal.co.za/shop/4587045272-now-now-sticker/,https://i.etsystatic.com/63442998/r/il/6594d7/8612163122/il_fullxfull.8612163122_7ncf.jpg,"https://i.etsystatic.com/63442998/r/il/196004/8612159810/il_fullxfull.8612159810_c2ao.jpg,https://i.etsystatic.com/63442998/r/il/254197/8612160216/il_fullxfull.8612160216_nof9.jpg,https://i.etsystatic.com/63442998/r/il/4e1190/8612160612/il_fullxfull.8612160612_h6ve.jpg,https://i.etsystatic.com/63442998/r/il/def400/8612161358/il_fullxfull.8612161358_mx09.jpg,https://i.etsystatic.com/63442998/r/il/925aa5/8612161774/il_fullxfull.8612161774_fa7d.jpg,https://i.etsystatic.com/63442998/r/il/d4cb9c/8659992399/il_fullxfull.8659992399_b57l.jpg,https://i.etsystatic.com/63442998/r/il/3f4c20/8659992885/il_fullxfull.8659992885_dwjv.jpg,https://i.etsystatic.com/63442998/r/il/cccebd/8612163822/il_fullxfull.8612163822_lw04.jpg,https://i.etsystatic.com/63442998/r/il/e71d19/8612164340/il_fullxfull.8612164340_4pl5.jpg",3.99 USD,in stock,new,Sonneblom,Gifts > Stickers,Arts & Entertainment > Hobbies & Creative Arts > Arts & Crafts > Art & Crafting Materials > Embellishments & Trims > Decorative Stickers,gift
4587040065,4587040065,"Eish Sticker, South African Slang Dictionary Sticker, Funny Saffa Gift","eish [aysh], interjection: Used to express surprise, frustration or resignation. “Eish, loadshedding again.” Part of our South African Dictionary series: the words every Saffa knows, wherever in the world they live now. Part of Sonneblom, our line of Afrikaans and South African heritage gifts, made for South Africans at home and all over the world. Printed to order by our production partner and shipped to your door; delivery time and shipping cost depend on where you live and are shown at checkout.",https://sonneblomdigitaal.co.za/shop/4587040065-eish-sticker/,https://i.etsystatic.com/63442998/r/il/3ad1ed/8659992775/il_fullxfull.8659992775_lr04.jpg,"https://i.etsystatic.com/63442998/r/il/9c90bb/8612159414/il_fullxfull.8612159414_iww1.jpg,https://i.etsystatic.com/63442998/r/il/db5056/8659990039/il_fullxfull.8659990039_ham0.jpg,https://i.etsystatic.com/63442998/r/il/1aa38a/8659990459/il_fullxfull.8659990459_evz2.jpg,https://i.etsystatic.com/63442998/r/il/fd702c/8659990919/il_fullxfull.8659990919_r11k.jpg,https://i.etsystatic.com/63442998/r/il/d33599/8659991341/il_fullxfull.8659991341_911k.jpg,https://i.etsystatic.com/63442998/r/il/a9c354/8659991849/il_fullxfull.8659991849_3te6.jpg,https://i.etsystatic.com/63442998/r/il/4e4d0f/8612162106/il_fullxfull.8612162106_grz5.jpg,https://i.etsystatic.com/63442998/r/il/52fab7/8659993211/il_fullxfull.8659993211_eja4.jpg,https://i.etsystatic.com/63442998/r/il/ae8dd3/8659993607/il_fullxfull.8659993607_owbi.jpg",3.99 USD,in stock,new,Sonneblom,Gifts > Stickers,Arts & Entertainment > Hobbies & Creative Arts > Arts & Crafts > Art & Crafting Materials > Embellishments & Trims > Decorative Stickers,gift
4587045124,4587045124,"Lekker Sticker, South African Slang Dictionary Sticker, Funny Saffa Gift","lekker [LEK-uh], adjective: Nice, great, delicious. The best word there is. “That braai was lekker!” Part of our South African Dictionary series: the words every Saffa knows, wherever in the world they live now. Part of Sonneblom, our line of Afrikaans and South African heritage gifts, made for South Africans at home and all over the world. Printed to order by our production partner and shipped to your door; delivery time and shipping cost depend on where you live and are shown at checkout.",https://sonneblomdigitaal.co.za/shop/4587045124-lekker-sticker/,https://i.etsystatic.com/63442998/r/il/1ee95d/8612165364/il_fullxfull.8612165364_d8s1.jpg,"https://i.etsystatic.com/63442998/r/il/25cd6b/8612158910/il_fullxfull.8612158910_itwa.jpg,https://i.etsystatic.com/63442998/r/il/a14ea0/8659989499/il_fullxfull.8659989499_dzx6.jpg,https://i.etsystatic.com/63442998/r/il/cd0ceb/8612159694/il_fullxfull.8612159694_mxl1.jpg,https://i.etsystatic.com/63442998/r/il/5a1414/8659990501/il_fullxfull.8659990501_o62o.jpg,https://i.etsystatic.com/63442998/r/il/d2d483/8659991317/il_fullxfull.8659991317_icua.jpg,https://i.etsystatic.com/63442998/r/il/39c2b4/8612161640/il_fullxfull.8612161640_15mv.jpg,https://i.etsystatic.com/63442998/r/il/9ea937/8659992243/il_fullxfull.8659992243_3w71.jpg,https://i.etsystatic.com/63442998/r/il/31f7a5/8612162570/il_fullxfull.8612162570_8j5w.jpg,https://i.etsystatic.com/63442998/r/il/c06cf7/8659993223/il_fullxfull.8659993223_1m2b.jpg",3.99 USD,in stock,new,Sonneblom,Gifts > Stickers,Arts & Entertainment > Hobbies & Creative Arts > Arts & Crafts > Art & Crafting Materials > Embellishments & Trims > Decorative Stickers,gift
4587045034,4587045034,"Sho't Left Sticker, South African Slang Dictionary Sticker, Funny Saffa Gift","sho't left [short left], noun: A short trip; a quick ride somewhere nearby. “Just take a sho't left to the shops.” Part of our South African Dictionary series: the words every Saffa knows, wherever in the world they live now. Part of Sonneblom, our line of Afrikaans and South African heritage gifts, made for South Africans at home and all over the world. Printed to order by our production partner and shipped to your door; delivery time and shipping cost depend on where you live and are shown at checkout.",https://sonneblomdigitaal.co.za/shop/4587045034-sho-t-left-sticker/,https://i.etsystatic.com/63442998/r/il/0b5192/8612158672/il_fullxfull.8612158672_io7t.jpg,"https://i.etsystatic.com/63442998/r/il/1ab1be/8659988525/il_fullxfull.8659988525_qc9a.jpg,https://i.etsystatic.com/63442998/r/il/116e1a/8659989211/il_fullxfull.8659989211_4en8.jpg,https://i.etsystatic.com/63442998/r/il/2cc0b6/8659989727/il_fullxfull.8659989727_qs4d.jpg,https://i.etsystatic.com/63442998/r/il/0fbb39/8659990331/il_fullxfull.8659990331_hhse.jpg,https://i.etsystatic.com/63442998/r/il/4c96f3/8659990709/il_fullxfull.8659990709_4fph.jpg,https://i.etsystatic.com/63442998/r/il/eff776/8659991123/il_fullxfull.8659991123_45m2.jpg,https://i.etsystatic.com/63442998/r/il/026d7c/8612161474/il_fullxfull.8612161474_szmr.jpg,https://i.etsystatic.com/63442998/r/il/7191bb/8659992069/il_fullxfull.8659992069_1zr1.jpg,https://i.etsystatic.com/63442998/r/il/4a2738/8659992561/il_fullxfull.8659992561_agln.jpg",3.99 USD,in stock,new,Sonneblom,Gifts > Stickers,Arts & Entertainment > Hobbies & Creative Arts > Arts & Crafts > Art & Crafting Materials > Embellishments & Trims > Decorative Stickers,gift
4587039699,4587039699,"Robot Sticker, South African Slang Dictionary Sticker, Funny Saffa Gift","robot [ROH-bot], noun: A traffic light. No, really. “Turn left at the next robot.” Part of our South African Dictionary series: the words every Saffa knows, wherever in the world they live now. Part of Sonneblom, our line of Afrikaans and South African heritage gifts, made for South Africans at home and all over the world. Printed to order by our production partner and shipped to your door; delivery time and shipping cost depend on where you live and are shown at checkout.",https://sonneblomdigitaal.co.za/shop/4587039699-robot-sticker/,https://i.etsystatic.com/63442998/r/il/27bdb5/8612156824/il_fullxfull.8612156824_ot70.jpg,"https://i.etsystatic.com/63442998/r/il/e09f97/8612156352/il_fullxfull.8612156352_s4l9.jpg,https://i.etsystatic.com/63442998/r/il/778e47/8659987431/il_fullxfull.8659987431_o4wf.jpg,https://i.etsystatic.com/63442998/r/il/61cc90/8612157780/il_fullxfull.8612157780_89j3.jpg,https://i.etsystatic.com/63442998/r/il/d99878/8612158128/il_fullxfull.8612158128_jwmu.jpg,https://i.etsystatic.com/63442998/r/il/fd7b5e/8659988663/il_fullxfull.8659988663_qc68.jpg,https://i.etsystatic.com/63442998/r/il/977eb5/8659989027/il_fullxfull.8659989027_6a3e.jpg,https://i.etsystatic.com/63442998/r/il/acb4c3/8612159224/il_fullxfull.8612159224_lbkq.jpg,https://i.etsystatic.com/63442998/r/il/24e533/8659989873/il_fullxfull.8659989873_339e.jpg,https://i.etsystatic.com/63442998/r/il/bca271/8659990347/il_fullxfull.8659990347_5gk4.jpg",3.99 USD,in stock,new,Sonneblom,Gifts > Stickers,Arts & Entertainment > Hobbies & Creative Arts > Arts & Crafts > Art & Crafting Materials > Embellishments & Trims > Decorative Stickers,gift
4587039591,4587039591,"Bakkie Sticker, South African Slang Dictionary Sticker, Funny Saffa Gift","bakkie [BUCK-ee], noun: A pickup truck. Carries everything, including the whole family. “Load it on the bakkie.” Part of our South African Dictionary series: the words every Saffa knows, wherever in the world they live now. Part of Sonneblom, our line of Afrikaans and South African heritage gifts, made for South Africans at home and all over the world. Printed to order by our production partner and shipped to your door; delivery time and shipping cost depend on where you live and are shown at checkout.",https://sonneblomdigitaal.co.za/shop/4587039591-bakkie-sticker/,https://i.etsystatic.com/63442998/r/il/0c5326/8612160792/il_fullxfull.8612160792_40sz.jpg,"https://i.etsystatic.com/63442998/r/il/dd01ed/8659985669/il_fullxfull.8659985669_rmdq.jpg,https://i.etsystatic.com/63442998/r/il/f8b689/8659986061/il_fullxfull.8659986061_qozz.jpg,https://i.etsystatic.com/63442998/r/il/540d24/8612156150/il_fullxfull.8612156150_gzss.jpg,https://i.etsystatic.com/63442998/r/il/a4ffb8/8612156772/il_fullxfull.8612156772_dciz.jpg,https://i.etsystatic.com/63442998/r/il/777f00/8659987333/il_fullxfull.8659987333_eta5.jpg,https://i.etsystatic.com/63442998/r/il/44c139/8612157580/il_fullxfull.8612157580_sshn.jpg,https://i.etsystatic.com/63442998/r/il/8938cb/8659988179/il_fullxfull.8659988179_ppz5.jpg,https://i.etsystatic.com/63442998/r/il/91b5b3/8612158356/il_fullxfull.8612158356_m7ue.jpg,https://i.etsystatic.com/63442998/r/il/06fb13/8659988885/il_fullxfull.8659988885_9ztq.jpg",3.99 USD,in stock,new,Sonneblom,Gifts > Stickers,Arts & Entertainment > Hobbies & Creative Arts > Arts & Crafts > Art & Crafting Materials > Embellishments & Trims > Decorative Stickers,gift
4587039377,4587039377,"Skinner Sticker, South African Slang Dictionary Sticker, Funny Saffa Gift","skinner [SKIN-uh], verb / noun: To gossip; gossip. “Come, let’s skinner over tea.” Part of our South African Dictionary series: the words every Saffa knows, wherever in the world they live now. Part of Sonneblom, our line of Afrikaans and South African heritage gifts, made for South Africans at home and all over the world. Printed to order by our production partner and shipped to your door; delivery time and shipping cost depend on where you live and are shown at checkout.",https://sonneblomdigitaal.co.za/shop/4587039377-skinner-sticker/,https://i.etsystatic.com/63442998/r/il/317ba3/8612154028/il_fullxfull.8612154028_9m9h.jpg,"https://i.etsystatic.com/63442998/r/il/9f4372/8612153710/il_fullxfull.8612153710_e9j7.jpg,https://i.etsystatic.com/63442998/r/il/5bcc9b/8659984603/il_fullxfull.8659984603_4h5j.jpg,https://i.etsystatic.com/63442998/r/il/580794/8659985185/il_fullxfull.8659985185_5v7g.jpg,https://i.etsystatic.com/63442998/r/il/dd8666/8612155344/il_fullxfull.8612155344_7x4c.jpg,https://i.etsystatic.com/63442998/r/il/2a3f6c/8659986037/il_fullxfull.8659986037_23q4.jpg,https://i.etsystatic.com/63442998/r/il/7a3257/8612156164/il_fullxfull.8612156164_ltpa.jpg,https://i.etsystatic.com/63442998/r/il/92d093/8659986985/il_fullxfull.8659986985_mai3.jpg,https://i.etsystatic.com/63442998/r/il/b0b3dd/8612157338/il_fullxfull.8612157338_en30.jpg,https://i.etsystatic.com/63442998/r/il/7200b3/8659988229/il_fullxfull.8659988229_9joo.jpg",3.99 USD,in stock,new,Sonneblom,Gifts > Stickers,Arts & Entertainment > Hobbies & Creative Arts > Arts & Crafts > Art & Crafting Materials > Embellishments & Trims > Decorative Stickers,gift
4587039175,4587039175,"Kwaai Sticker, South African Slang Dictionary Sticker, Funny Saffa Gift","kwaai [kwhy], adjective: Cool, awesome. Also: angry. Context is everything. “That car is kwaai!” Part of our South African Dictionary series: the words every Saffa knows, wherever in the world they live now. Part of Sonneblom, our line of Afrikaans and South African heritage gifts, made for South Africans at home and all over the world. Printed to order by our production partner and shipped to your door; delivery time and shipping cost depend on where you live and are shown at checkout.",https://sonneblomdigitaal.co.za/shop/4587039175-kwaai-sticker/,https://i.etsystatic.com/63442998/r/il/9e6575/8659988217/il_fullxfull.8659988217_d3aj.jpg,"https://i.etsystatic.com/63442998/r/il/e36815/8659982143/il_fullxfull.8659982143_xf3t.jpg,https://i.etsystatic.com/63442998/r/il/788492/8612152500/il_fullxfull.8612152500_7wda.jpg,https://i.etsystatic.com/63442998/r/il/33408c/8612153292/il_fullxfull.8612153292_d9e5.jpg,https://i.etsystatic.com/63442998/r/il/1efcd0/8659983969/il_fullxfull.8659983969_t2me.jpg,https://i.etsystatic.com/63442998/r/il/94bee1/8612154098/il_fullxfull.8612154098_rp8s.jpg,https://i.etsystatic.com/63442998/r/il/10e9c7/8659984643/il_fullxfull.8659984643_nxdj.jpg,https://i.etsystatic.com/63442998/r/il/6c6651/8659985093/il_fullxfull.8659985093_glqe.jpg,https://i.etsystatic.com/63442998/r/il/00cd41/8612155244/il_fullxfull.8612155244_eerk.jpg,https://i.etsystatic.com/63442998/r/il/9e6d44/8659985985/il_fullxfull.8659985985_lfle.jpg",3.99 USD,in stock,new,Sonneblom,Gifts > Stickers,Arts & Entertainment > Hobbies & Creative Arts > Arts & Crafts > Art & Crafting Materials > Embellishments & Trims > Decorative Stickers,gift
4587044054,4587044054,"Aweh Sticker, South African Slang Dictionary Sticker, Funny Saffa Gift","aweh [ah-WEH], greeting: Hello; yes; all good. Cape Town in one word. “Aweh, my bru!” Part of our South African Dictionary series: the words every Saffa knows, wherever in the world they live now. Part of Sonneblom, our line of Afrikaans and South African heritage gifts, made for South Africans at home and all over the world. Printed to order by our production partner and shipped to your door; delivery time and shipping cost depend on where you live and are shown at checkout.",https://sonneblomdigitaal.co.za/shop/4587044054-aweh-sticker/,https://i.etsystatic.com/63442998/r/il/f2fd9c/8612161980/il_fullxfull.8612161980_r9uo.jpg,"https://i.etsystatic.com/63442998/r/il/4c479d/8659980543/il_fullxfull.8659980543_8skf.jpg,https://i.etsystatic.com/63442998/r/il/dda3b5/8612162424/il_fullxfull.8612162424_5o1h.jpg,https://i.etsystatic.com/63442998/r/il/018a68/8612162950/il_fullxfull.8612162950_t397.jpg,https://i.etsystatic.com/63442998/r/il/1c36aa/8659993511/il_fullxfull.8659993511_534v.jpg,https://i.etsystatic.com/63442998/r/il/da1632/8659993909/il_fullxfull.8659993909_obvr.jpg,https://i.etsystatic.com/63442998/r/il/a36031/8659994425/il_fullxfull.8659994425_279b.jpg,https://i.etsystatic.com/63442998/r/il/b401eb/8659994741/il_fullxfull.8659994741_s9lj.jpg,https://i.etsystatic.com/63442998/r/il/4f036f/8659995107/il_fullxfull.8659995107_53jp.jpg,https://i.etsystatic.com/63442998/r/il/cf5073/8612165540/il_fullxfull.8612165540_d3eu.jpg",3.99 USD,in stock,new,Sonneblom,Gifts > Stickers,Arts & Entertainment > Hobbies & Creative Arts > Arts & Crafts > Art & Crafting Materials > Embellishments & Trims > Decorative Stickers,gift
4587028305,4587028305,"Hayibo Sticker, South African Slang Dictionary Sticker, Funny Saffa Gift","hayibo [hai-EE-boh], interjection: No way! Expression of disbelief (isiZulu). “Hayibo, petrol went up again?” Part of our South African Dictionary series: the words every Saffa knows, wherever in the world they live now. Part of Sonneblom, our line of Afrikaans and South African heritage gifts, made for South Africans at home and all over the world. Printed to order by our production partner and shipped to your door; delivery time and shipping cost depend on where you live and are shown at checkout.",https://sonneblomdigitaal.co.za/shop/4587028305-hayibo-sticker/,https://i.etsystatic.com/63442998/r/il/98d9ef/8659899201/il_fullxfull.8659899201_phr0.jpg,"https://i.etsystatic.com/63442998/r/il/1f22aa/8659891461/il_fullxfull.8659891461_izbp.jpg,https://i.etsystatic.com/63442998/r/il/c91605/8659891873/il_fullxfull.8659891873_ogam.jpg,https://i.etsystatic.com/63442998/r/il/b87e88/8612062374/il_fullxfull.8612062374_l77l.jpg,https://i.etsystatic.com/63442998/r/il/8c1720/8612062770/il_fullxfull.8612062770_ivk6.jpg,https://i.etsystatic.com/63442998/r/il/b8cf2e/8612063844/il_fullxfull.8612063844_tijc.jpg,https://i.etsystatic.com/63442998/r/il/c888a4/8612064696/il_fullxfull.8612064696_doeb.jpg,https://i.etsystatic.com/63442998/r/il/0cd49a/8612065150/il_fullxfull.8612065150_qph2.jpg,https://i.etsystatic.com/63442998/r/il/c2c045/8659895843/il_fullxfull.8659895843_9724.jpg,https://i.etsystatic.com/63442998/r/il/0ee467/8612066402/il_fullxfull.8612066402_2ny1.jpg",3.99 USD,in stock,new,Sonneblom,Gifts > Stickers,Arts & Entertainment > Hobbies & Creative Arts > Arts & Crafts > Art & Crafting Materials > Embellishments & Trims > Decorative Stickers,gift
4587032906,4587032906,"Yebo Sticker, South African Slang Dictionary Sticker, Funny Saffa Gift","yebo [YEH-boh], interjection: Yes! (isiZulu) Also: absolutely, I agree. “Yebo, let’s go!” Part of our South African Dictionary series: the words every Saffa knows, wherever in the world they live now. Part of Sonneblom, our line of Afrikaans and South African heritage gifts, made for South Africans at home and all over the world. Printed to order by our production partner and shipped to your door; delivery time and shipping cost depend on where you live and are shown at checkout.",https://sonneblomdigitaal.co.za/shop/4587032906-yebo-sticker/,https://i.etsystatic.com/63442998/r/il/6c9301/8659897565/il_fullxfull.8659897565_i1w3.jpg,"https://i.etsystatic.com/63442998/r/il/c28234/8612060192/il_fullxfull.8612060192_8e55.jpg,https://i.etsystatic.com/63442998/r/il/111a00/8659890635/il_fullxfull.8659890635_kfzv.jpg,https://i.etsystatic.com/63442998/r/il/79a2d4/8612061076/il_fullxfull.8612061076_4ezi.jpg,https://i.etsystatic.com/63442998/r/il/0bba33/8659891483/il_fullxfull.8659891483_88dh.jpg,https://i.etsystatic.com/63442998/r/il/79b223/8612061768/il_fullxfull.8612061768_b7kf.jpg,https://i.etsystatic.com/63442998/r/il/804470/8612062180/il_fullxfull.8612062180_nzt6.jpg,https://i.etsystatic.com/63442998/r/il/e7617c/8612062586/il_fullxfull.8612062586_gnlp.jpg,https://i.etsystatic.com/63442998/r/il/25ea2c/8612063024/il_fullxfull.8612063024_b9bi.jpg,https://i.etsystatic.com/63442998/r/il/d99988/8612063538/il_fullxfull.8612063538_h40x.jpg",3.99 USD,in stock,new,Sonneblom,Gifts > Stickers,Arts & Entertainment > Hobbies & Creative Arts > Arts & Crafts > Art & Crafting Materials > Embellishments & Trims > Decorative Stickers,gift
4587032786,4587032786,"Just Now Sticker, South African Slang Dictionary Sticker, Funny Saffa Gift","just now [just now], adverb: At some point. Could be in five minutes, could be never. “I’ll call you just now.” Part of our South African Dictionary series: the words every Saffa knows, wherever in the world they live now. Part of Sonneblom, our line of Afrikaans and South African heritage gifts, made for South Africans at home and all over the world. Printed to order by our production partner and shipped to your door; delivery time and shipping cost depend on where you live and are shown at checkout.",https://sonneblomdigitaal.co.za/shop/4587032786-just-now-sticker/,https://i.etsystatic.com/63442998/r/il/5394fb/8659889165/il_fullxfull.8659889165_1kak.jpg,"https://i.etsystatic.com/63442998/r/il/a452d0/8659888821/il_fullxfull.8659888821_g3n4.jpg,https://i.etsystatic.com/63442998/r/il/b8675e/8612059652/il_fullxfull.8612059652_m0ux.jpg,https://i.etsystatic.com/63442998/r/il/08d9a2/8659890059/il_fullxfull.8659890059_5zjw.jpg,https://i.etsystatic.com/63442998/r/il/ceb167/8659890505/il_fullxfull.8659890505_sbsu.jpg,https://i.etsystatic.com/63442998/r/il/31f6db/8612060936/il_fullxfull.8612060936_9p63.jpg,https://i.etsystatic.com/63442998/r/il/a4b8e3/8659892457/il_fullxfull.8659892457_jjm6.jpg,https://i.etsystatic.com/63442998/r/il/1bf48c/8659893079/il_fullxfull.8659893079_71yi.jpg,https://i.etsystatic.com/63442998/r/il/5b2961/8659893753/il_fullxfull.8659893753_paam.jpg,https://i.etsystatic.com/63442998/r/il/cd1880/8612064474/il_fullxfull.8612064474_4ieo.jpg",3.99 USD,in stock,new,Sonneblom,Gifts > Stickers,Arts & Entertainment > Hobbies & Creative Arts > Arts & Crafts > Art & Crafting Materials > Embellishments & Trims > Decorative Stickers,gift
4587027837,4587027837,"Ag Shame Sticker, South African Slang Dictionary Sticker, Funny Saffa Gift","ag shame [akh SHAAM], phrase: Oh, how sweet! or Oh, how sad! Depends on the face you pull. “Ag shame, look at the puppy.” Part of our South African Dictionary series: the words every Saffa knows, wherever in the world they live now. Part of Sonneblom, our line of Afrikaans and South African heritage gifts, made for South Africans at home and all over the world. Printed to order by our production partner and shipped to your door; delivery time and shipping cost depend on where you live and are shown at checkout.",https://sonneblomdigitaal.co.za/shop/4587027837-ag-shame-sticker/,https://i.etsystatic.com/63442998/r/il/5e2068/8612060766/il_fullxfull.8612060766_e4ni.jpg,"https://i.etsystatic.com/63442998/r/il/e8def5/8659887649/il_fullxfull.8659887649_sv2v.jpg,https://i.etsystatic.com/63442998/r/il/523c5e/8612058340/il_fullxfull.8612058340_9g2g.jpg,https://i.etsystatic.com/63442998/r/il/992083/8612058734/il_fullxfull.8612058734_7dg4.jpg,https://i.etsystatic.com/63442998/r/il/fd9bff/8659889073/il_fullxfull.8659889073_5kny.jpg,https://i.etsystatic.com/63442998/r/il/7f5b12/8612059542/il_fullxfull.8612059542_kska.jpg,https://i.etsystatic.com/63442998/r/il/f7cba9/8612059916/il_fullxfull.8612059916_mbfz.jpg,https://i.etsystatic.com/63442998/r/il/b4145d/8659890287/il_fullxfull.8659890287_hdtb.jpg,https://i.etsystatic.com/63442998/r/il/7f4806/8659891129/il_fullxfull.8659891129_rc4q.jpg,https://i.etsystatic.com/63442998/r/il/131f7f/8659891633/il_fullxfull.8659891633_k3o7.jpg",3.99 USD,in stock,new,Sonneblom,Gifts > Stickers,Arts & Entertainment > Hobbies & Creative Arts > Arts & Crafts > Art & Crafting Materials > Embellishments & Trims > Decorative Stickers,gift
4585554325,4585554325,"Murder Mystery Game Bundle, 3 Printable Detective Case Files, Solve the Crime Puzzles for Adults, Game Night, Date Night","Three original, fully solvable detective mysteries: a poisoning at the Harrow House Hotel, a masked Christmas Eve ball that ends in murder, and a Halloween costume party at a gothic country house. Read the evidence, crack the codes and name the killers. WHAT'S INCLUDED (3 products, worth $14.97 if bought separately. You save $4.98!) • Case #1: Murder at Harrow House (worth $4.99) • Case #2: Murder at the Mistletoe Ball (worth $4.99) • Case #3: Murder at Ravenwood Hall (worth $4.99) Every product is described in full in its own listing in the shop, and all printables come in US Letter and A4. HOW YOU GET YOUR FILES You will receive 3 ZIP files, one for each product. Download them on a computer, open (unzip) each one, and print the PDFs at home or at a print shop. On a phone, the free Files app (iPhone) or Files by Google (Android) can open ZIP files too. Designed and made by Sonneblom. Game text and layouts are original; some content was drafted with the help of AI tools and checked by hand. This is a digital download: nothing will be shipped. Because of the nature of digital files, returns are not accepted, but message me if anything is wrong and I'll fix it.",https://sonneblomdigitaal.co.za/shop/4585554325-murder-mystery-game-bundle/,https://i.etsystatic.com/63442998/r/il/36119d/8600784932/il_fullxfull.8600784932_dnwx.jpg,"https://i.etsystatic.com/63442998/r/il/c2d815/8648625891/il_fullxfull.8648625891_oqqm.jpg,https://i.etsystatic.com/63442998/r/il/f38094/8648625993/il_fullxfull.8648625993_16qf.jpg,https://i.etsystatic.com/63442998/r/il/d4d4e8/8648626085/il_fullxfull.8648626085_3fwv.jpg,https://i.etsystatic.com/63442998/r/il/c7dd24/8648626197/il_fullxfull.8648626197_aq3y.jpg",9.99 USD,in stock,new,Sonneblom,Printables > Bundles,Arts & Entertainment > Party & Celebration > Party Supplies > Party Games,printable
4585552167,4585552167,"5-in-1 Holiday Party Games Bundle, Halloween, Thanksgiving, Christmas","Every holiday party sorted, from October to December! Five of our best-selling printable game packs in one money-saving bundle: Halloween, Thanksgiving and Christmas games, Christmas bingo and a Christmas scavenger hunt. WHAT'S INCLUDED (5 products, worth $15.95 if bought separately. You save $7.96!) • Halloween Party Games (worth $2.99) • Thanksgiving Games (worth $3.49) • Christmas Party Games (worth $3.99) • Christmas Bingo (worth $2.49) • Christmas Scavenger Hunt (worth $2.99) Every product is described in full in its own listing in the shop, and all printables come in US Letter and A4. HOW YOU GET YOUR FILES You will receive 5 ZIP files, one for each product. Download them on a computer, open (unzip) each one, and print the PDFs at home or at a print shop. On a phone, the free Files app (iPhone) or Files by Google (Android) can open ZIP files too. Designed and made by Sonneblom. Game text and layouts are original; some content was drafted with the help of AI tools and checked by hand. This is a digital download: nothing will be shipped. Because of the nature of digital files, returns are not accepted, but message me if anything is wrong and I'll fix it.",https://sonneblomdigitaal.co.za/shop/4585552167-5-in-1-holiday-party-games-bundle/,https://i.etsystatic.com/63442998/r/il/f8a7cd/8600660826/il_fullxfull.8600660826_f6fm.jpg,"https://i.etsystatic.com/63442998/r/il/2187da/8600660900/il_fullxfull.8600660900_sefg.jpg,https://i.etsystatic.com/63442998/r/il/671d9b/8600660992/il_fullxfull.8600660992_igj6.jpg,https://i.etsystatic.com/63442998/r/il/12e643/8648501531/il_fullxfull.8648501531_jmao.jpg,https://i.etsystatic.com/63442998/r/il/105beb/8600661190/il_fullxfull.8600661190_bl8f.jpg,https://i.etsystatic.com/63442998/r/il/d9f6de/8600661298/il_fullxfull.8600661298_4b35.jpg,https://i.etsystatic.com/63442998/r/il/a2f71e/8648501875/il_fullxfull.8648501875_joov.jpg",7.99 USD,in stock,new,Sonneblom,Printables > Bundles,Arts & Entertainment > Party & Celebration > Party Supplies > Party Games,printable
4585660132,4585660132,"Holiday Math Mystery Pictures Bundle, 54 Color by Number Worksheets K-4","Three seasons of solve-color-reveal math fun: 54 mystery picture worksheets for Halloween, Thanksgiving and Christmas, each at 3 levels (within 10, within 20, multiplication), with answer keys. WHAT'S INCLUDED (3 products, worth $10.47 if bought separately. You save $3.48!) • Halloween Math Mystery Pictures (18 sheets) (worth $3.49) • Thanksgiving Math Mystery Pictures (18 sheets) (worth $3.49) • Christmas Math Mystery Pictures (18 sheets) (worth $3.49) Every product is described in full in its own listing in the shop, and all printables come in US Letter and A4. HOW YOU GET YOUR FILES You will receive 3 ZIP files, one for each product. Download them on a computer, open (unzip) each one, and print the PDFs at home or at a print shop. On a phone, the free Files app (iPhone) or Files by Google (Android) can open ZIP files too. Designed and made by Sonneblom. Game text and layouts are original; some content was drafted with the help of AI tools and checked by hand. This is a digital download: nothing will be shipped. Because of the nature of digital files, returns are not accepted, but message me if anything is wrong and I'll fix it.",https://sonneblomdigitaal.co.za/shop/4585660132-holiday-math-mystery-pictures-bundle/,https://i.etsystatic.com/63442998/r/il/2b8422/8601502732/il_fullxfull.8601502732_fv2b.jpg,"https://i.etsystatic.com/63442998/r/il/8aca47/8601502866/il_fullxfull.8601502866_17pm.jpg,https://i.etsystatic.com/63442998/r/il/d5c1c1/8649344167/il_fullxfull.8649344167_mgg2.jpg,https://i.etsystatic.com/63442998/r/il/cda8f4/8601503090/il_fullxfull.8601503090_drmm.jpg,https://i.etsystatic.com/63442998/r/il/8eab44/8649344429/il_fullxfull.8649344429_2z2d.jpg",6.99 USD,in stock,new,Sonneblom,Printables > Bundles,Toys & Games > Toys > Educational Toys,printable
4585557190,4585557190,"2027 Planner Bundle: Habit Tracker, Budget, Cleaning, Reading Journal","Start 2027 organised: plan your year, run your budget, keep the house under control and track every book you read, and build better habits all year. Five of our planners in one money-saving bundle. WHAT'S INCLUDED (5 products, worth $14.45 if bought separately. You save $7.46!) • 2027 Planner (37 pages) (worth $3.49) • Budget Spreadsheet (Excel & Google Sheets) (worth $1.99) • Cleaning Checklists (worth $2.49) • Reading Journal (worth $3.49) • 2027 Habit Tracker (worth $2.99) Every product is described in full in its own listing in the shop, and all printables come in US Letter and A4. HOW YOU GET YOUR FILES You will receive 5 ZIP files, one for each product. Download them on a computer, open (unzip) each one, and print the PDFs at home or at a print shop. On a phone, the free Files app (iPhone) or Files by Google (Android) can open ZIP files too. Designed and made by Sonneblom. Game text and layouts are original; some content was drafted with the help of AI tools and checked by hand. This is a digital download: nothing will be shipped. Because of the nature of digital files, returns are not accepted, but message me if anything is wrong and I'll fix it.",https://sonneblomdigitaal.co.za/shop/4585557190-2027-planner-bundle-habit-tracker/,https://i.etsystatic.com/63442998/r/il/65933a/8601461434/il_fullxfull.8601461434_8pz4.jpg,"https://i.etsystatic.com/63442998/r/il/24d264/8601461712/il_fullxfull.8601461712_k4cc.jpg,https://i.etsystatic.com/63442998/r/il/a32000/8649303031/il_fullxfull.8649303031_qaid.jpg,https://i.etsystatic.com/63442998/r/il/36e4b1/8649303131/il_fullxfull.8649303131_jrnu.jpg,https://i.etsystatic.com/63442998/r/il/6bccd3/8649303233/il_fullxfull.8649303233_t97v.jpg,https://i.etsystatic.com/63442998/r/il/769993/8649303391/il_fullxfull.8649303391_dooi.jpg,https://i.etsystatic.com/63442998/r/il/3899ea/8649303495/il_fullxfull.8649303495_g5sb.jpg",6.99 USD,in stock,new,Sonneblom,Printables > Bundles,"Office Supplies > Filing & Organization > Calendars, Organizers & Planners",printable
4585551849,4585551849,"Christmas Mega Bundle: Party Games, Bingo, Scavenger Hunt, Kids Activities","Everything you need for a fun, screen-free Christmas: party games for the grown-ups, activities for the kids, bingo for everyone and a gift-exchange game, all in one money-saving bundle. WHAT'S INCLUDED (5 products, worth $13.95 if bought separately. You save $6.96!) • Christmas Party Games (28 games) (worth $3.99) • Christmas Bingo (150 cards) (worth $2.49) • Christmas Scavenger Hunt (worth $2.99) • Christmas Activity Pack for Kids (worth $2.99) • Christmas Left Right Game (3 stories) (worth $1.49) Every product is described in full in its own listing in the shop, and all printables come in US Letter and A4. HOW YOU GET YOUR FILES You will receive 5 ZIP files, one for each product. Download them on a computer, open (unzip) each one, and print the PDFs at home or at a print shop. On a phone, the free Files app (iPhone) or Files by Google (Android) can open ZIP files too. Designed and made by Sonneblom. Game text and layouts are original; some content was drafted with the help of AI tools and checked by hand. This is a digital download: nothing will be shipped. Because of the nature of digital files, returns are not accepted, but message me if anything is wrong and I'll fix it.",https://sonneblomdigitaal.co.za/shop/4585551849-christmas-mega-bundle-party-games/,https://i.etsystatic.com/63442998/r/il/a69b6d/8600658402/il_fullxfull.8600658402_d9c9.jpg,"https://i.etsystatic.com/63442998/r/il/11529a/8648499069/il_fullxfull.8648499069_f37t.jpg,https://i.etsystatic.com/63442998/r/il/67810e/8600658648/il_fullxfull.8600658648_9prs.jpg,https://i.etsystatic.com/63442998/r/il/27dc83/8600658792/il_fullxfull.8600658792_98eb.jpg,https://i.etsystatic.com/63442998/r/il/ccdec3/8600658878/il_fullxfull.8600658878_tmno.jpg,https://i.etsystatic.com/63442998/r/il/a6fff3/8648499531/il_fullxfull.8648499531_6c3t.jpg,https://i.etsystatic.com/63442998/r/il/f1ea15/8648499625/il_fullxfull.8648499625_sih5.jpg",6.99 USD,in stock,new,Sonneblom,Printables > Bundles,Arts & Entertainment > Party & Celebration > Party Supplies > Party Games,printable
4585552327,4585552327,"Preschool Learning Bundle: Tracing, Math, Chore Charts","Learning and good habits in one bundle: 80 preschool tracing pages, 106 math worksheets and a full set of chore, routine and reward charts. Perfect for homeschool, after-school practice and busy parents. WHAT'S INCLUDED (3 products, worth $8.47 if bought separately. You save $3.48!) • Preschool Worksheets (80 pages) (worth $2.49) • Math Worksheets (106 pages) (worth $2.99) • Chore Chart & Routine Bundle (worth $2.99) Every product is described in full in its own listing in the shop, and all printables come in US Letter and A4. HOW YOU GET YOUR FILES You will receive 3 ZIP files, one for each product. Download them on a computer, open (unzip) each one, and print the PDFs at home or at a print shop. On a phone, the free Files app (iPhone) or Files by Google (Android) can open ZIP files too. Designed and made by Sonneblom. Game text and layouts are original; some content was drafted with the help of AI tools and checked by hand. This is a digital download: nothing will be shipped. Because of the nature of digital files, returns are not accepted, but message me if anything is wrong and I'll fix it.",https://sonneblomdigitaal.co.za/shop/4585552327-preschool-learning-bundle-tracing/,https://i.etsystatic.com/63442998/r/il/ec8915/8600662044/il_fullxfull.8600662044_dtnk.jpg,"https://i.etsystatic.com/63442998/r/il/695a36/8648502671/il_fullxfull.8648502671_aurd.jpg,https://i.etsystatic.com/63442998/r/il/9ad786/8648502729/il_fullxfull.8648502729_l02n.jpg,https://i.etsystatic.com/63442998/r/il/718d68/8648502827/il_fullxfull.8648502827_6zoj.jpg,https://i.etsystatic.com/63442998/r/il/b442fa/8600662514/il_fullxfull.8600662514_4o5o.jpg",4.99 USD,in stock,new,Sonneblom,Printables > Bundles,Toys & Games > Toys > Educational Toys,printable
4586640974,4586640974,"Christmas Escape Room for Kids, Printable Family Game, Escape from Santa's Workshop","Oh no! Sneaky Jack Frost has frozen the door of Santa's Workshop shut, with Santa, the elves and every present stuck inside. Can your kids crack six puzzles and escape before midnight? A printable Christmas escape room for kids (ages 6-12) and the whole family. Players solve six festive puzzles. Each one gives a 3-digit code. The Code Checker turns every right code into a magic letter, and the six letters spell the word that melts the Frozen Door. No grown-up needs to know the answers in advance: the game checks itself. WHAT'S INCLUDED (14 pages, US Letter + A4): • Story letter from Mrs. Claus • Easy setup guide for grown-ups • Puzzle 1: The Missing Key (elf logic puzzle) • Puzzle 2: Count the Ornaments • Puzzle 3: Cookie Math (picture equations) • Puzzle 4: Jack Frost's Note (secret code) • Puzzle 5: Snowflake Sudoku (4 x 4) • Puzzle 6: The Sleigh Maze • Code Checker • The Frozen Door (final lock) • 6 cut-out hint cards • Certificate of Escape • Answer key with explanations PERFECT FOR Christmas Eve, a family game night, a kids' Christmas party, classrooms, homeschool, sleepovers or grandparents' house. Play in one team or split into two teams and race. Takes about 30 to 60 minutes. HOW IT WORKS 1. Buy and download the PDF (instant download). 2. Print the puzzles (keep the hint cards and answer key with you). 3. Hide the puzzles, start the 60-minute timer and let them play! Optional: hide a small treat in a toy sleigh, box or basket for the big finish. This is a digital product. No physical item will be shipped. For personal or single-classroom use. Please do not share or resell the files. Designed and made by Sonneblom. Game text and layouts are original; some content was drafted with the help of AI tools and checked by hand. This is a digital download: nothing will be shipped. Because of the nature of digital files, returns are not accepted, but message me if anything is wrong and I'll fix it.",https://sonneblomdigitaal.co.za/shop/4586640974-christmas-escape-room-for-kids/,https://i.etsystatic.com/63442998/r/il/3162f1/8609085928/il_fullxfull.8609085928_n7fn.jpg,"https://i.etsystatic.com/63442998/r/il/8e9bb0/8609086068/il_fullxfull.8609086068_ruo1.jpg,https://i.etsystatic.com/63442998/r/il/85a1a6/8656915983/il_fullxfull.8656915983_oxq1.jpg,https://i.etsystatic.com/63442998/r/il/77fb41/8656916183/il_fullxfull.8656916183_shnh.jpg,https://i.etsystatic.com/63442998/r/il/b37a82/8656916323/il_fullxfull.8656916323_eg1o.jpg,https://i.etsystatic.com/63442998/r/il/2bee4a/8609086732/il_fullxfull.8609086732_9xj5.jpg",5.99 USD,in stock,new,Sonneblom,Printables > Christmas,Arts & Entertainment > Party & Celebration > Party Supplies > Party Games,printable
4584967127,4584967127,"28 Christmas Party Games Bundle, Trivia, Pictionary, Bingo","Make your Christmas party easy with 28 ready-to-print games for all ages: family gatherings, classroom parties, office parties and Christmas Eve at home. WHAT'S INCLUDED (62 pages, US Letter + A4): • Christmas Trivia: easy and hard rounds (20 questions each) • Christmas Around the World quiz • Movie Emoji Pictionary and Song Emoji Pictionary • Which Came First? • Finish the Carol • This or That • Would You Rather cards • Charades cards • Pictionary cards • Minute to Win It challenge cards • Christmas Word Scramble and 3 Word Searches • Name the Reindeer • Who Am I? • Name That Christmas Movie • Christmas Scattergories • Christmas A to Z • The Left Right gift-exchange game • Christmas Story Fill-in (fill-in-the-blank) • Guess How Many sign and slips • Table Talk conversation cards • Christmas Scavenger Hunt • Christmas Bingo: 10 picture cards + calling cards • Letter to Santa • Full answer keys and a scorecard HOW IT WORKS 1. Buy and download the PDF files (instant download). 2. Print at home or at a print shop, on paper or card stock. 3. Print one game sheet per player and play! Print as many copies as you need for your own family, class or event. Please do not share or resell the files. Designed and made by Sonneblom. Game text and layouts are original; some content was drafted with the help of AI tools and checked by hand. This is a digital download: nothing will be shipped. Because of the nature of digital files, returns are not accepted, but message me if anything is wrong and I'll fix it. SAVE WITH A BUNDLE This product is also part of our Holiday Party Games Bundle and Christmas Mega Bundle, with up to 50% off. See the Bundle Deals section of the Sonneblom shop.",https://sonneblomdigitaal.co.za/shop/4584967127-28-christmas-party-games-bundle/,https://i.etsystatic.com/63442998/r/il/bbcbe2/8644131535/il_fullxfull.8644131535_2d4l.jpg,"https://i.etsystatic.com/63442998/r/il/b56011/8644131991/il_fullxfull.8644131991_9p5j.jpg,https://i.etsystatic.com/63442998/r/il/bc51c2/8596289142/il_fullxfull.8596289142_9fv2.jpg,https://i.etsystatic.com/63442998/r/il/3da538/8596289148/il_fullxfull.8596289148_6e8p.jpg,https://i.etsystatic.com/63442998/r/il/2c769b/8596289138/il_fullxfull.8596289138_ojjk.jpg,https://i.etsystatic.com/63442998/r/il/d2de86/8596288884/il_fullxfull.8596288884_b2vl.jpg",3.99 USD,in stock,new,Sonneblom,Printables > Christmas,Arts & Entertainment > Party & Celebration > Party Supplies > Party Games,printable
4584970923,4584970923,"16 Printable Thanksgiving Games Bundle, Family & Friendsgiving Trivia, Bingo, Table Talk","Keep everyone laughing around the table with 16 printable Thanksgiving games for all ages: family dinners, Friendsgiving, classrooms and office parties. WHAT'S INCLUDED (38 pages, US Letter + A4): • Thanksgiving Trivia (20 questions) • Thanksgiving Emoji Pictionary (20 puzzles) • Thanksgiving Word Scramble and 3 Word Searches • This or That • Would You Rather cards • Table Talk gratitude conversation cards • Charades cards • Pictionary cards • Thanksgiving Scattergories • Thankful A to Z • The Left Right gift-passing game • Thanksgiving Story Fill-in (fill-in-the-blank) • Guess How Many sign and slips • Thanksgiving Bingo: 10 picture cards + calling cards • I Am Thankful For page • Answer keys and a scorecard HOW IT WORKS 1. Buy and download the PDF files (instant download). 2. Print at home or at a print shop. 3. Print one game sheet per player and enjoy! Print as many copies as you need for your own family, class or event. Please do not share or resell the files. Designed and made by Sonneblom. Game text and layouts are original; some content was drafted with the help of AI tools and checked by hand. This is a digital download: nothing will be shipped. Because of the nature of digital files, returns are not accepted, but message me if anything is wrong and I'll fix it. SAVE WITH A BUNDLE This product is also part of our Holiday Party Games Bundle, with up to 50% off. See the Bundle Deals section of the Sonneblom shop.",https://sonneblomdigitaal.co.za/shop/4584970923-16-printable-thanksgiving-games-bundle/,https://i.etsystatic.com/63442998/r/il/3f80f9/8644163523/il_fullxfull.8644163523_9u0b.jpg,"https://i.etsystatic.com/63442998/r/il/59fb4c/8596320696/il_fullxfull.8596320696_3x6j.jpg,https://i.etsystatic.com/63442998/r/il/97f9e3/8596320780/il_fullxfull.8596320780_pqzz.jpg,https://i.etsystatic.com/63442998/r/il/4cc000/8644163793/il_fullxfull.8644163793_r4to.jpg,https://i.etsystatic.com/63442998/r/il/189ef4/8644163913/il_fullxfull.8644163913_cu4o.jpg,https://i.etsystatic.com/63442998/r/il/e30afb/8644163971/il_fullxfull.8644163971_sjf9.jpg",3.49 USD,in stock,new,Sonneblom,Printables > Christmas,Arts & Entertainment > Party & Celebration > Party Supplies > Party Games,printable
4585569697,4585569697,"30 Christmas Minute to Win It Games, Festive Party Challenges","Get everyone laughing with 30 fast, festive Minute to Win It games! Each challenge takes just 60 seconds and uses cheap, easy-to-find supplies like cups, candy canes, cotton balls and marshmallows. Perfect for family Christmas parties, office parties, classroom parties, youth groups and Christmas Eve at home. Works for kids, teens and adults. WHAT'S INCLUDED (26 pages, US Letter + A4): • How to host guide, with tips for little kids and safety notes • 30 illustrated game cards (2 per page), each with players, supplies, how to play and how to win • Supplies checklist, sorted by type • Team scoreboard and player score sheet • Hum That Carol cut-out strips (24 carols) • 'Minute to Win It' welcome sign • 4 award certificates: Champion, Fastest Elf, Best Team Spirit, Steadiest Hands THE GAMES Candy Cane Hook • Jingle Bell Shake • Cup Tree Stack • Snowball Scoop • Santa's Beard • Rudolph's Nose Race • Unwrap the Gift • Snowman Stack • Wrap the Tree • Gingerbread Face • Ornament Pong • Present Tower • Snowball Straw Pass • Frosty Fingers • Stuff the Stocking • Gumdrop Tower • Peppermint Chopsticks • Snowball Catch • Wrap Your Elf • Hum That Carol • Jingle Bell Toss • Mitten Match • One-Hand Ornaments • Cookie Tower • Bow Head • Snowball Juggle • Reindeer Food Pick-Up • Card House • Ornament Relay • Candy Cane Balance HOW IT WORKS 1. Buy and download the PDF files (instant download). 2. Print the game cards, scoreboard and certificates. 3. Gather the supplies and play! For personal, family, classroom and single-event use. Please do not share or resell the files. Designed and made by Sonneblom. Game text and layouts are original; some content was drafted with the help of AI tools and checked by hand. This is a digital download: nothing will be shipped. Because of the nature of digital files, returns are not accepted, but message me if anything is wrong and I'll fix it.",https://sonneblomdigitaal.co.za/shop/4585569697-30-christmas-minute-to-win-it-games/,https://i.etsystatic.com/63442998/r/il/93cbec/8600809096/il_fullxfull.8600809096_h6pw.jpg,"https://i.etsystatic.com/63442998/r/il/6cc464/8648650481/il_fullxfull.8648650481_rsi4.jpg,https://i.etsystatic.com/63442998/r/il/716a0e/8648650593/il_fullxfull.8648650593_pnbc.jpg,https://i.etsystatic.com/63442998/r/il/c17051/8600809406/il_fullxfull.8600809406_fpo0.jpg,https://i.etsystatic.com/63442998/r/il/825227/8648650785/il_fullxfull.8648650785_b8c7.jpg,https://i.etsystatic.com/63442998/r/il/e9d524/8648650881/il_fullxfull.8648650881_2oln.jpg",2.99 USD,in stock,new,Sonneblom,Printables > Christmas,Arts & Entertainment > Party & Celebration > Party Supplies > Party Games,printable
4585560456,4585560456,"2027 New Year's Eve Party Games Bundle, Printable Trivia","Ring in 2027 with a bundle of fun, printable New Year's Eve party games for family, friends, kids and colleagues. Answer keys included. WHAT'S INCLUDED (38 pages, US Letter + A4): • New Year's Trivia: 20 multiple-choice questions about traditions around the world • New Year's Emoji Pictionary (20 puzzles) • New Year's Word Scramble • This or That • Would You Rather cards • My 2027 Predictions cards • Resolution cards (pick one from a hat!) • New Year's Bingo: 20 unique picture cards + calling cards • Charades cards • New Year's Scattergories • 12 party awards to hand out at midnight • Answer keys HOW IT WORKS 1. Buy and download the PDF files (instant download). 2. Print the games you want, as many copies as you need. 3. Play until midnight! For personal use. Please do not share or resell the files. Designed and made by Sonneblom. Game text and layouts are original; some content was drafted with the help of AI tools and checked by hand. This is a digital download: nothing will be shipped. Because of the nature of digital files, returns are not accepted, but message me if anything is wrong and I'll fix it.",https://sonneblomdigitaal.co.za/shop/4585560456-2027-new-year-s-eve-party-games-bundle/,https://i.etsystatic.com/63442998/r/il/4135df/8600689664/il_fullxfull.8600689664_bizq.jpg,"https://i.etsystatic.com/63442998/r/il/fe6fb1/8600689760/il_fullxfull.8600689760_nykh.jpg,https://i.etsystatic.com/63442998/r/il/3d04af/8600689896/il_fullxfull.8600689896_owf3.jpg,https://i.etsystatic.com/63442998/r/il/1672a9/8600690020/il_fullxfull.8600690020_gurq.jpg,https://i.etsystatic.com/63442998/r/il/667d69/8600690148/il_fullxfull.8600690148_jf7z.jpg,https://i.etsystatic.com/63442998/r/il/331dfe/8648531229/il_fullxfull.8648531229_8kdw.jpg",2.99 USD,in stock,new,Sonneblom,Printables > Christmas,Arts & Entertainment > Party & Celebration > Party Supplies > Party Games,printable
4585538543,4585538543,"Christmas Activity Pack for Kids, Printable Word Search, Mazes, Letter to Santa","Screen-free Christmas fun for kids aged 4 to 10! Print as many copies as you need for the family, a classroom or a Christmas party. WHAT'S INCLUDED (21 pages, US Letter + A4): • Letter to Santa (lined) and a fill-in-the-blank letter to Santa for younger kids • Christmas wish list • 3 Christmas word searches: easy, medium and hard • Christmas word scramble (15 words) • 3 mazes: easy, medium and hard • I Spy Christmas counting page • Christmas Would You Rather (18 questions) • Draw & write: design an ornament and a best Christmas memory page • Christmas bucket list (18 ideas) • Christmas tic-tac-toe • 12 Christmas joke cards to cut out • Official Nice List certificate • Answer keys for the word searches, mazes, scramble and I Spy PERFECT FOR Advent activities, the school holidays, Christmas Eve boxes, classroom parties, restaurant tables and long car trips. HOW IT WORKS 1. Buy and download the PDF files (instant download). 2. Print at home in colour or black and white. 3. Hand out the pages with some crayons and enjoy a quiet cup of tea! For personal and single-classroom use. Please do not share or resell the files. Designed and made by Sonneblom. Game text and layouts are original; some content was drafted with the help of AI tools and checked by hand. This is a digital download: nothing will be shipped. Because of the nature of digital files, returns are not accepted, but message me if anything is wrong and I'll fix it. SAVE WITH A BUNDLE This product is also part of our Christmas Mega Bundle, with up to 50% off. See the Bundle Deals section of the Sonneblom shop.",https://sonneblomdigitaal.co.za/shop/4585538543-christmas-activity-pack-for-kids/,https://i.etsystatic.com/63442998/r/il/aed987/8648392551/il_fullxfull.8648392551_8go3.jpg,"https://i.etsystatic.com/63442998/r/il/bfb9b0/8648392633/il_fullxfull.8648392633_eisx.jpg,https://i.etsystatic.com/63442998/r/il/aaec6e/8648392755/il_fullxfull.8648392755_t4ru.jpg,https://i.etsystatic.com/63442998/r/il/73f0a4/8600551778/il_fullxfull.8600551778_ob4s.jpg,https://i.etsystatic.com/63442998/r/il/bdd025/8648392967/il_fullxfull.8648392967_ntmx.jpg,https://i.etsystatic.com/63442998/r/il/fa74b1/8648393055/il_fullxfull.8648393055_89s1.jpg,https://i.etsystatic.com/63442998/r/il/ce8884/8600552038/il_fullxfull.8600552038_5x0z.jpg",2.99 USD,in stock,new,Sonneblom,Printables > Christmas,Toys & Games > Toys > Educational Toys,printable
4585532933,4585532933,"Christmas Scavenger Hunt for Kids, Printable Party Game","Keep the kids busy and the whole family laughing this Christmas with 6 printable scavenger hunts, from a no-reading picture hunt for toddlers to a photo hunt for teens and adults. WHAT'S INCLUDED (14 pages, US Letter + A4): • Indoor Christmas picture hunt: 20 things to find, with pictures, so pre-readers can play • Christmas lights hunt: 20 things to spot on an evening walk or drive • Christmas movie hunt: tick things off while you watch any Christmas movie • Christmas photo hunt: 20 funny photo challenges for teams, with a points column • Find the Guest Who...: a party icebreaker with 20 prompts • Treasure hunt: 18 original rhyming clue cards that lead from room to room to a hidden present • 6 blank clue cards to write your own, plus ""Treasure found!"" cards • Host sheet showing where every clue points, with space to plan your order • Scavenger Hunt Champion certificate PERFECT FOR Christmas Eve, Christmas morning (hide the big present at the end!), school holidays, classroom parties, family gatherings, office parties and advent activities. HOW IT WORKS 1. Buy and download the PDF files (instant download). 2. Print at home in colour or black and white. 3. Hand out the checklists, or hide the clue cards using the host sheet, and let the hunt begin! For personal and single-classroom use. Please do not share or resell the files. Designed and made by Sonneblom. Game text and layouts are original; some content was drafted with the help of AI tools and checked by hand. This is a digital download: nothing will be shipped. Because of the nature of digital files, returns are not accepted, but message me if anything is wrong and I'll fix it. SAVE WITH A BUNDLE This product is also part of our Holiday Party Games Bundle and Christmas Mega Bundle, with up to 50% off. See the Bundle Deals section of the Sonneblom shop.",https://sonneblomdigitaal.co.za/shop/4585532933-christmas-scavenger-hunt-for-kids/,https://i.etsystatic.com/63442998/r/il/1ecbeb/8648344243/il_fullxfull.8648344243_dxnm.jpg,"https://i.etsystatic.com/63442998/r/il/dc7583/8648344349/il_fullxfull.8648344349_eyzp.jpg,https://i.etsystatic.com/63442998/r/il/945272/8600503076/il_fullxfull.8600503076_68t7.jpg,https://i.etsystatic.com/63442998/r/il/e2cc5a/8648344599/il_fullxfull.8648344599_bubu.jpg,https://i.etsystatic.com/63442998/r/il/65b3a9/8600503288/il_fullxfull.8600503288_abni.jpg,https://i.etsystatic.com/63442998/r/il/307194/8648344781/il_fullxfull.8648344781_1trv.jpg",2.99 USD,in stock,new,Sonneblom,Printables > Christmas,Arts & Entertainment > Party & Celebration > Party Supplies > Party Games,printable
4584961703,4584961703,"16 Halloween Party Games Bundle, Printable Trivia, Bingo, Costume Contest","Make your Halloween party easy with 16 printable spooky (but not too scary) games for kids, teens, adults, classrooms and office parties. WHAT'S INCLUDED (36 pages, US Letter + A4): • Halloween Trivia (20 questions) • Halloween Emoji Pictionary (20 puzzles) • Halloween Word Scramble and 3 Word Searches • This or That • Would You Rather cards • Charades cards • Pictionary cards • Halloween Scattergories • Halloween A to Z • The Left Right gift-passing game • Spooky Story Fill-in (fill-in-the-blank) • Guess How Many sign and slips • Costume Contest voting ballots • Halloween Bingo: 10 picture cards + calling cards • Answer keys and a scorecard HOW IT WORKS 1. Buy and download the PDF files (instant download). 2. Print at home or at a print shop. 3. Print one game sheet per player and play! Print as many copies as you need for your own family, class or event. Please do not share or resell the files. Designed and made by Sonneblom. Game text and layouts are original; some content was drafted with the help of AI tools and checked by hand. This is a digital download: nothing will be shipped. Because of the nature of digital files, returns are not accepted, but message me if anything is wrong and I'll fix it. SAVE WITH A BUNDLE This product is also part of our Holiday Party Games Bundle, with up to 50% off. See the Bundle Deals section of the Sonneblom shop.",https://sonneblomdigitaal.co.za/shop/4584961703-16-halloween-party-games-bundle/,https://i.etsystatic.com/63442998/r/il/c8a8f9/8644087497/il_fullxfull.8644087497_kwnz.jpg,"https://i.etsystatic.com/63442998/r/il/ac0619/8644082207/il_fullxfull.8644082207_o5wr.jpg,https://i.etsystatic.com/63442998/r/il/35c84b/8596239480/il_fullxfull.8596239480_bwq5.jpg,https://i.etsystatic.com/63442998/r/il/a8fa97/8596239492/il_fullxfull.8596239492_bjfu.jpg,https://i.etsystatic.com/63442998/r/il/031661/8644082379/il_fullxfull.8644082379_ix4d.jpg,https://i.etsystatic.com/63442998/r/il/6eae4b/8596239262/il_fullxfull.8596239262_1lpk.jpg",2.99 USD,in stock,new,Sonneblom,Printables > Christmas,Arts & Entertainment > Party & Celebration > Party Supplies > Party Games,printable
4584969035,4584969035,"Christmas Bingo Game, 100 Picture Cards + 50 Word Cards","Christmas Bingo for the whole family, classroom or office party: 100 unique picture bingo cards and 50 unique word bingo cards, ready to print. WHAT'S INCLUDED (US Letter + A4): • 100 unique picture bingo cards (1 per page). Big colourful pictures with labels, perfect for young children and pre-readers. • 50 unique word bingo cards for older kids, teens and adults • 40 calling cards for each version, to cut out and draw from a hat • Caller's checklist, so the host can check winning cards • How-to-play page with Four Corners and Blackout variations No two cards are the same, so there is only ever one winner per call. HOW IT WORKS 1. Buy and download the PDF files (instant download). 2. Print as many cards as you need, on paper or card stock. 3. Cut out the calling cards, draw them one at a time and play! Tip: slide the cards into plastic sleeves and use a dry-erase marker to reuse them every year. For personal and classroom use. Please do not share or resell the files. Designed and made by Sonneblom. Game text and layouts are original; some content was drafted with the help of AI tools and checked by hand. This is a digital download: nothing will be shipped. Because of the nature of digital files, returns are not accepted, but message me if anything is wrong and I'll fix it. SAVE WITH A BUNDLE This product is also part of our Holiday Party Games Bundle and Christmas Mega Bundle, with up to 50% off. See the Bundle Deals section of the Sonneblom shop.",https://sonneblomdigitaal.co.za/shop/4584969035-christmas-bingo-game/,https://i.etsystatic.com/63442998/r/il/f9542a/8596307124/il_fullxfull.8596307124_jo3f.jpg,"https://i.etsystatic.com/63442998/r/il/74891d/8644150295/il_fullxfull.8644150295_2r26.jpg,https://i.etsystatic.com/63442998/r/il/dd57ba/8644150397/il_fullxfull.8644150397_cetd.jpg,https://i.etsystatic.com/63442998/r/il/db2ea6/8644150483/il_fullxfull.8644150483_20nf.jpg,https://i.etsystatic.com/63442998/r/il/5c6761/8644150523/il_fullxfull.8644150523_3iqt.jpg",2.49 USD,in stock,new,Sonneblom,Printables > Christmas,Arts & Entertainment > Party & Celebration > Party Supplies > Party Games,printable
4585545914,4585545914,"Thanksgiving Picture Bingo Cards, 30 Unique Fall Party Game","Thanksgiving picture bingo for kids, classrooms and family gatherings. Every card is different, and pictures mean everyone can play. WHAT'S INCLUDED (US Letter + A4): • 30 unique Thanksgiving bingo cards • Calling cards to cut out • How-to-play page HOW IT WORKS 1. Buy and download the PDF files (instant download). 2. Print at home in colour or black and white. 3. Play! For personal use. Please do not share or resell the files. Designed and made by Sonneblom. Game text and layouts are original; some content was drafted with the help of AI tools and checked by hand. This is a digital download: nothing will be shipped. Because of the nature of digital files, returns are not accepted, but message me if anything is wrong and I'll fix it.",https://sonneblomdigitaal.co.za/shop/4585545914-thanksgiving-picture-bingo-cards/,https://i.etsystatic.com/63442998/r/il/777d40/8648410509/il_fullxfull.8648410509_40wb.jpg,"https://i.etsystatic.com/63442998/r/il/f36c23/8600569486/il_fullxfull.8600569486_lrv7.jpg,https://i.etsystatic.com/63442998/r/il/fd99ff/8648410701/il_fullxfull.8648410701_2yvp.jpg",1.99 USD,in stock,new,Sonneblom,Printables > Christmas,Arts & Entertainment > Party & Celebration > Party Supplies > Party Games,printable
4585545576,4585545576,"Halloween Picture Bingo for Kids, 30 Unique Cards, Classroom Party Game","Halloween picture bingo for kids, classrooms and family parties. Every card is different, and big colourful pictures mean even pre-readers can play. WHAT'S INCLUDED (US Letter + A4): • 30 unique Halloween bingo cards • Calling cards to cut out • How-to-play page HOW IT WORKS 1. Buy and download the PDF files (instant download). 2. Print at home in colour or black and white. 3. Play! For personal use. Please do not share or resell the files. Designed and made by Sonneblom. Game text and layouts are original; some content was drafted with the help of AI tools and checked by hand. This is a digital download: nothing will be shipped. Because of the nature of digital files, returns are not accepted, but message me if anything is wrong and I'll fix it.",https://sonneblomdigitaal.co.za/shop/4585545576-halloween-picture-bingo-for-kids/,https://i.etsystatic.com/63442998/r/il/cdb445/8600566974/il_fullxfull.8600566974_6wgf.jpg,"https://i.etsystatic.com/63442998/r/il/26a794/8600567016/il_fullxfull.8600567016_4cdz.jpg,https://i.etsystatic.com/63442998/r/il/d8314d/8600567100/il_fullxfull.8600567100_el4z.jpg",1.99 USD,in stock,new,Sonneblom,Printables > Christmas,Arts & Entertainment > Party & Celebration > Party Supplies > Party Games,printable
4591737795,4591737795,"Christmas Table Talk Cards, Printable Christmas Dinner Conversation Starters, Family Table Game","Get everyone talking at Christmas dinner! Printable conversation cards with fun, warm questions for family and friends of all ages. WHAT'S INCLUDED (US Letter + A4): • Christmas table talk conversation cards to cut out HOW IT WORKS 1. Buy and download the PDF files (instant download). 2. Print at home in colour or black and white. 3. Play! For personal use. Please do not share or resell the files. Designed and made by SonneblomDigitaal. Game text and layouts are original; some content was drafted with the help of AI tools and checked by hand. This is a digital download: nothing will be shipped. Because of the nature of digital files, returns are not accepted, but message me if anything is wrong and I'll fix it.",https://sonneblomdigitaal.co.za/shop/4591737795-christmas-table-talk-cards/,https://i.etsystatic.com/63442998/r/il/45aa98/8696297775/il_fullxfull.8696297775_eih0.jpg,"https://i.etsystatic.com/63442998/r/il/83a96b/8696297961/il_fullxfull.8696297961_rsq7.jpg,https://i.etsystatic.com/63442998/r/il/840ef3/8696298079/il_fullxfull.8696298079_gxpx.jpg",1.49 USD,in stock,new,Sonneblom,Printables > Christmas,Arts & Entertainment > Party & Celebration > Party Supplies > Party Games,printable
4591737653,4591737653,"Christmas Who Am I Game, Guess the Christmas Character, Printable Christmas Party Game for Kids and Adults","Santa, Rudolph, Frosty... can you guess who's who from the clue? A quick printable guessing game for classrooms, parties and family night. WHAT'S INCLUDED (US Letter + A4): • Who Am I? game sheet • Answer key HOW IT WORKS 1. Buy and download the PDF files (instant download). 2. Print at home in colour or black and white. 3. Play! For personal use. Please do not share or resell the files. Designed and made by SonneblomDigitaal. Game text and layouts are original; some content was drafted with the help of AI tools and checked by hand. This is a digital download: nothing will be shipped. Because of the nature of digital files, returns are not accepted, but message me if anything is wrong and I'll fix it.",https://sonneblomdigitaal.co.za/shop/4591737653-christmas-who-am-i-game/,https://i.etsystatic.com/63442998/r/il/a60ae4/8696296445/il_fullxfull.8696296445_s7r2.jpg,"https://i.etsystatic.com/63442998/r/il/c48e95/8696296607/il_fullxfull.8696296607_f1re.jpg,https://i.etsystatic.com/63442998/r/il/26b61c/8696296773/il_fullxfull.8696296773_li36.jpg",1.49 USD,in stock,new,Sonneblom,Printables > Christmas,Arts & Entertainment > Party & Celebration > Party Supplies > Party Games,printable
4591750038,4591750038,"Name That Christmas Movie Game, Printable Christmas Movie Trivia, Guess the Movie Plot, Party Game with Answers","Read the short plot and name the Christmas movie! From Home Alone to Elf, a fun printable game for movie fans of all ages. WHAT'S INCLUDED (US Letter + A4): • Name That Christmas Movie game sheet • Answer key HOW IT WORKS 1. Buy and download the PDF files (instant download). 2. Print at home in colour or black and white. 3. Play! For personal use. Please do not share or resell the files. Designed and made by SonneblomDigitaal. Game text and layouts are original; some content was drafted with the help of AI tools and checked by hand. This is a digital download: nothing will be shipped. Because of the nature of digital files, returns are not accepted, but message me if anything is wrong and I'll fix it.",https://sonneblomdigitaal.co.za/shop/4591750038-name-that-christmas-movie-game/,https://i.etsystatic.com/63442998/r/il/6b3205/8648464822/il_fullxfull.8648464822_kxlw.jpg,"https://i.etsystatic.com/63442998/r/il/510c1a/8648464918/il_fullxfull.8648464918_qcqc.jpg,https://i.etsystatic.com/63442998/r/il/a5e0b8/8696295913/il_fullxfull.8696295913_8aoc.jpg",1.49 USD,in stock,new,Sonneblom,Printables > Christmas,Arts & Entertainment > Party & Celebration > Party Supplies > Party Games,printable
4591737417,4591737417,"Finish the Christmas Carol Game, Printable Christmas Song Lyrics Quiz, Christmas Party Game with Answers","How well do you know your Christmas carols? Fill in the missing word from each classic carol. Quick to print, easy to play, great for office parties, classrooms and family night. WHAT'S INCLUDED (US Letter + A4): • Finish the Carol game sheet • Answer key HOW IT WORKS 1. Buy and download the PDF files (instant download). 2. Print at home in colour or black and white. 3. Play! For personal use. Please do not share or resell the files. Designed and made by SonneblomDigitaal. Game text and layouts are original; some content was drafted with the help of AI tools and checked by hand. This is a digital download: nothing will be shipped. Because of the nature of digital files, returns are not accepted, but message me if anything is wrong and I'll fix it.",https://sonneblomdigitaal.co.za/shop/4591737417-finish-the-christmas-carol-game/,https://i.etsystatic.com/63442998/r/il/6df91d/8648463974/il_fullxfull.8648463974_s33p.jpg,"https://i.etsystatic.com/63442998/r/il/90a96f/8648464158/il_fullxfull.8648464158_am82.jpg,https://i.etsystatic.com/63442998/r/il/063158/8696295139/il_fullxfull.8696295139_gfd3.jpg",1.49 USD,in stock,new,Sonneblom,Printables > Christmas,Arts & Entertainment > Party & Celebration > Party Supplies > Party Games,printable
4585545310,4585545310,"Christmas Movie & Song Emoji Pictionary Game, Printable Party Quiz","Can you guess the Christmas movie or song from the emoji? A quick, funny game for parties, classrooms and family nights. WHAT'S INCLUDED (US Letter + A4): • Christmas movie emoji pictionary • Christmas song emoji pictionary • Answer key HOW IT WORKS 1. Buy and download the PDF files (instant download). 2. Print at home in colour or black and white. 3. Play! For personal use. Please do not share or resell the files. Designed and made by Sonneblom. Game text and layouts are original; some content was drafted with the help of AI tools and checked by hand. This is a digital download: nothing will be shipped. Because of the nature of digital files, returns are not accepted, but message me if anything is wrong and I'll fix it.",https://sonneblomdigitaal.co.za/shop/4585545310-christmas-movie-and-song-emoji-pictionary-game/,https://i.etsystatic.com/63442998/r/il/1f7477/8648405915/il_fullxfull.8648405915_2er2.jpg,"https://i.etsystatic.com/63442998/r/il/01599c/8648406023/il_fullxfull.8648406023_zvkm.jpg,https://i.etsystatic.com/63442998/r/il/504ba1/8600565058/il_fullxfull.8600565058_kkl5.jpg",1.49 USD,in stock,new,Sonneblom,Printables > Christmas,Arts & Entertainment > Party & Celebration > Party Supplies > Party Games,printable
4585540791,4585540791,"Thanksgiving Trivia Game, 20 Questions with Answers","A fun Thanksgiving trivia game for family dinners, Friendsgiving, classrooms and office parties. WHAT'S INCLUDED (US Letter + A4): • 20 Thanksgiving trivia questions, multiple choice • Answer key HOW IT WORKS 1. Buy and download the PDF files (instant download). 2. Print at home in colour or black and white. 3. Play! For personal use. Please do not share or resell the files. Designed and made by Sonneblom. Game text and layouts are original; some content was drafted with the help of AI tools and checked by hand. This is a digital download: nothing will be shipped. Because of the nature of digital files, returns are not accepted, but message me if anything is wrong and I'll fix it.",https://sonneblomdigitaal.co.za/shop/4585540791-thanksgiving-trivia-game/,https://i.etsystatic.com/63442998/r/il/5a33e6/8600569950/il_fullxfull.8600569950_lrhm.jpg,"https://i.etsystatic.com/63442998/r/il/1e5cf1/8600570124/il_fullxfull.8600570124_7gq7.jpg,https://i.etsystatic.com/63442998/r/il/632d23/8600570218/il_fullxfull.8600570218_cngb.jpg",1.49 USD,in stock,new,Sonneblom,Printables > Christmas,Arts & Entertainment > Party & Celebration > Party Supplies > Party Games,printable
4585540557,4585540557,"Halloween Trivia Game Printable, 20 Questions with Answers","A fun Halloween trivia game with 20 multiple-choice questions about Halloween history, spooky books and movies, and creepy facts. Great for Halloween parties, classrooms, office parties and family game night. WHAT'S INCLUDED (US Letter + A4): • 20 Halloween trivia questions, multiple choice • Answer key HOW IT WORKS 1. Buy and download the PDF files (instant download). 2. Print at home in colour or black and white. 3. Play! For personal use. Please do not share or resell the files. Designed and made by Sonneblom. Game text and layouts are original; some content was drafted with the help of AI tools and checked by hand. This is a digital download: nothing will be shipped. Because of the nature of digital files, returns are not accepted, but message me if anything is wrong and I'll fix it.",https://sonneblomdigitaal.co.za/shop/4585540557-halloween-trivia-game-printable/,https://i.etsystatic.com/63442998/r/il/4d8733/8648409099/il_fullxfull.8648409099_mzdb.jpg,"https://i.etsystatic.com/63442998/r/il/6bf36d/8600568004/il_fullxfull.8600568004_40a3.jpg,https://i.etsystatic.com/63442998/r/il/eb49e1/8600568068/il_fullxfull.8600568068_ptz7.jpg",1.49 USD,in stock,new,Sonneblom,Printables > Christmas,Arts & Entertainment > Party & Celebration > Party Supplies > Party Games,printable
4585540505,4585540505,"Halloween Emoji Pictionary Game, Printable Party Quiz with Answers","Guess the spooky movie, song or Halloween phrase from the emoji! A quick, funny printable game that works for all ages. WHAT'S INCLUDED (US Letter + A4): • 20 Halloween emoji puzzles on 2 pages • Answer key HOW IT WORKS 1. Buy and download the PDF files (instant download). 2. Print at home in colour or black and white. 3. Play! For personal use. Please do not share or resell the files. Designed and made by Sonneblom. Game text and layouts are original; some content was drafted with the help of AI tools and checked by hand. This is a digital download: nothing will be shipped. Because of the nature of digital files, returns are not accepted, but message me if anything is wrong and I'll fix it.",https://sonneblomdigitaal.co.za/shop/4585540505-halloween-emoji-pictionary-game/,https://i.etsystatic.com/63442998/r/il/52951d/8648408625/il_fullxfull.8648408625_65o3.jpg,"https://i.etsystatic.com/63442998/r/il/1c788a/8648408719/il_fullxfull.8648408719_p2r8.jpg,https://i.etsystatic.com/63442998/r/il/d2f797/8600567600/il_fullxfull.8600567600_7pbw.jpg",1.49 USD,in stock,new,Sonneblom,Printables > Christmas,Arts & Entertainment > Party & Celebration > Party Supplies > Party Games,printable
4585545506,4585545506,"Christmas Would You Rather Cards, Family Conversation Game","Funny, family-friendly Christmas Would You Rather questions on cut-out cards. Perfect at the dinner table, in class or in the car. WHAT'S INCLUDED (US Letter + A4): • 24 Would You Rather cards, 8 per page HOW IT WORKS 1. Buy and download the PDF files (instant download). 2. Print at home in colour or black and white. 3. Play! For personal use. Please do not share or resell the files. Designed and made by Sonneblom. Game text and layouts are original; some content was drafted with the help of AI tools and checked by hand. This is a digital download: nothing will be shipped. Because of the nature of digital files, returns are not accepted, but message me if anything is wrong and I'll fix it.",https://sonneblomdigitaal.co.za/shop/4585545506-christmas-would-you-rather-cards/,https://i.etsystatic.com/63442998/r/il/6a396b/8648407599/il_fullxfull.8648407599_gmmh.jpg,"https://i.etsystatic.com/63442998/r/il/505b12/8600566526/il_fullxfull.8600566526_n39d.jpg,https://i.etsystatic.com/63442998/r/il/2edb13/8648407849/il_fullxfull.8648407849_1pjf.jpg",1.49 USD,in stock,new,Sonneblom,Printables > Christmas,Arts & Entertainment > Party & Celebration > Party Supplies > Party Games,printable
4585540297,4585540297,"Christmas Trivia Game Printable, Easy & Hard Rounds, Party Game","Put everyone's Christmas knowledge to the test! An easy round for kids and families and a hard round for the know-it-alls. WHAT'S INCLUDED (US Letter + A4): • Easy round: multiple-choice Christmas questions • Hard round: multiple-choice Christmas questions • Answer key HOW IT WORKS 1. Buy and download the PDF files (instant download). 2. Print at home in colour or black and white. 3. Play! For personal use. Please do not share or resell the files. Designed and made by Sonneblom. Game text and layouts are original; some content was drafted with the help of AI tools and checked by hand. This is a digital download: nothing will be shipped. Because of the nature of digital files, returns are not accepted, but message me if anything is wrong and I'll fix it.",https://sonneblomdigitaal.co.za/shop/4585540297-christmas-trivia-game-printable/,https://i.etsystatic.com/63442998/r/il/413b8b/8648407007/il_fullxfull.8648407007_qxxe.jpg,"https://i.etsystatic.com/63442998/r/il/9a37fe/8648407165/il_fullxfull.8648407165_m0n7.jpg,https://i.etsystatic.com/63442998/r/il/350060/8648407331/il_fullxfull.8648407331_ft0a.jpg",1.49 USD,in stock,new,Sonneblom,Printables > Christmas,Arts & Entertainment > Party & Celebration > Party Supplies > Party Games,printable
4585540237,4585540237,"Christmas Left Right Game, 3 Printable Stories, Gift Exchange Party","The classic pass-the-gift game for gift exchanges! Everyone holds a wrapped gift while the host reads the story. Pass left on LEFT, right on RIGHT, and keep whatever you're holding at the end. WHAT'S INCLUDED (US Letter + A4): • 3 original Left Right stories • Easy instructions on every page HOW IT WORKS 1. Buy and download the PDF files (instant download). 2. Print at home in colour or black and white. 3. Play! For personal use. Please do not share or resell the files. Designed and made by Sonneblom. Game text and layouts are original; some content was drafted with the help of AI tools and checked by hand. This is a digital download: nothing will be shipped. Because of the nature of digital files, returns are not accepted, but message me if anything is wrong and I'll fix it. SAVE WITH A BUNDLE This product is also part of our Christmas Mega Bundle, with up to 50% off. See the Bundle Deals section of the Sonneblom shop.",https://sonneblomdigitaal.co.za/shop/4585540237-christmas-left-right-game/,https://i.etsystatic.com/63442998/r/il/573874/8600565390/il_fullxfull.8600565390_hlmw.jpg,"https://i.etsystatic.com/63442998/r/il/61ec59/8648406583/il_fullxfull.8648406583_hmcp.jpg,https://i.etsystatic.com/63442998/r/il/015985/8600565576/il_fullxfull.8600565576_4jnl.jpg",1.49 USD,in stock,new,Sonneblom,Printables > Christmas,Arts & Entertainment > Party & Celebration > Party Supplies > Party Games,printable
4587012654,4587012654,"South African Family Heritage Journal, Family Tree and Recipe Keepsake, Afrikaans + English","Keep your family's story for the next generation. A fill-in heritage journal for South African families, whether you still live at home or now live far away. Two full editions are included: Afrikaans (""Ons Familie Storie"") and English (""Our Family Story""). WHAT'S INSIDE (16 pages per edition): • This book belongs to • Family tree: you, parents, grandparents and great-grandparents • All about me • Mom's side and Dad's side of the family: Ouma and Oupa, Gogo and Mkhulu, Gran and Grandpa • Where we come from: towns, farms, streets and the house you grew up in • Our languages and words: sayings only your family understands • 2 family recipe pages (bobotie, koeksisters, potbrood, umngqusho, breyani, milk tart... what's yours?) • Our traditions: Christmas, birthdays, Heritage Day, Sundays, faith • Songs, stories and games • Our new home: for families who moved away from South Africa • 2 photo pages • A letter to the next generation US Letter and A4 (4 PDFs in total). Print one for every grandparent! ABOUT SONNEBLOM Sonneblom is our line of Afrikaans and South African heritage printables, made for families in South Africa and for South Africans living abroad in Australia, New Zealand, the UK, Canada, the USA and beyond. HOW IT WORKS 1. Buy and download the PDF files (instant download). 2. Print at home or at a print shop (US Letter and A4 included). 3. Enjoy! For personal and single-classroom use. Please do not share or resell the files. Designed and made by Sonneblom. Game text and layouts are original; some content was drafted with the help of AI tools and checked by hand. This is a digital download: nothing will be shipped. Because of the nature of digital files, returns are not accepted, but message me if anything is wrong and I'll fix it.",https://sonneblomdigitaal.co.za/shop/4587012654-south-african-family-heritage-journal/,https://i.etsystatic.com/63442998/r/il/5be692/8611898252/il_fullxfull.8611898252_c67p.jpg,"https://i.etsystatic.com/63442998/r/il/fb6b82/8659728277/il_fullxfull.8659728277_cp5j.jpg,https://i.etsystatic.com/63442998/r/il/a84942/8611898450/il_fullxfull.8611898450_9tww.jpg,https://i.etsystatic.com/63442998/r/il/4bba96/8659728455/il_fullxfull.8659728455_g586.jpg,https://i.etsystatic.com/63442998/r/il/d80746/8659728551/il_fullxfull.8659728551_6bgn.jpg",4.99 USD,in stock,new,Sonneblom,Printables > South African,"Office Supplies > Filing & Organization > Calendars, Organizers & Planners",printable
4587008929,4587008929,"Afrikaans Birthday Party Printables, Veels Geluk Banner, Invitations, Bingo and Games","Throw an Afrikaans birthday party! Everything you need to print, in Afrikaans. WHAT'S INCLUDED (30 pages, US Letter + A4): • 4 fill-in invitations: ""Jy Word Genooi!"" • VEELS GELUK banner: 10 large pennant flags • Verjaarsdag Bingo: 10 unique picture bingo cards + calling cards • Hoe Goed Ken Jy die Verjaarsdagkind? (how well do you know the birthday child?) quiz • 4 wish cards: ""'n Wens vir Jou"" • 4 thank-you cards: ""Baie Dankie!"" Print in colour on plain paper or card. Perfect for kids' parties, Afrikaans schools and families abroad. ABOUT SONNEBLOM Sonneblom is our line of Afrikaans and South African heritage printables, made for families in South Africa and for South Africans living abroad in Australia, New Zealand, the UK, Canada, the USA and beyond. HOW IT WORKS 1. Buy and download the PDF files (instant download). 2. Print at home or at a print shop (US Letter and A4 included). 3. Enjoy! For personal and single-classroom use. Please do not share or resell the files. Designed and made by Sonneblom. Game text and layouts are original; some content was drafted with the help of AI tools and checked by hand. This is a digital download: nothing will be shipped. Because of the nature of digital files, returns are not accepted, but message me if anything is wrong and I'll fix it.",https://sonneblomdigitaal.co.za/shop/4587008929-afrikaans-birthday-party-printables/,https://i.etsystatic.com/63442998/r/il/e10de7/8611901686/il_fullxfull.8611901686_om9w.jpg,"https://i.etsystatic.com/63442998/r/il/a8e9a0/8659731773/il_fullxfull.8659731773_8osx.jpg,https://i.etsystatic.com/63442998/r/il/ff4dc4/8659731863/il_fullxfull.8659731863_115u.jpg,https://i.etsystatic.com/63442998/r/il/86454e/8611901994/il_fullxfull.8611901994_72c8.jpg,https://i.etsystatic.com/63442998/r/il/bc7ddf/8611902082/il_fullxfull.8611902082_ei46.jpg",4.49 USD,in stock,new,Sonneblom,Printables > South African,Arts & Entertainment > Party & Celebration > Party Supplies > Banners,printable
4587008383,4587008383,"South African Traditional Games for Kids, Morabaraba Board, Diketo, Kennetjie, Afrikaans + English","The games our parents and grandparents played! A printable book of 9 traditional South African games from all of the country's communities, with rules, safety tips and a printable Morabaraba board. Two full editions are included: one in Afrikaans and one in English. THE GAMES • Morabaraba: the cattle board game of Southern Africa (printable board + 24 cut-out cows) • Diketo: the stone-throwing game • Kennetjie: the stick-and-peg game • Kgati: the long-rope skipping game • Bok-bok: the team leap game • Wolfie, Wolfie, Hoe Laat Is Dit? / What's the Time, Mr Wolf? • Rek / Elastics • Ellies: marbles • Toutrek / Tug of War ALSO INCLUDED • Introduction for parents and teachers • Games Passport: tick off each game you play • Our Family's Games: ask Ouma, Oupa, Gogo or Mkhulu how they played Each edition is 15 pages, in US Letter and A4 (4 PDFs in total). PERFECT FOR Heritage Day, South African families abroad, school projects, braais and family days, and screen-free holidays. ABOUT SONNEBLOM Sonneblom is our line of Afrikaans and South African heritage printables, made for families in South Africa and for South Africans living abroad in Australia, New Zealand, the UK, Canada, the USA and beyond. HOW IT WORKS 1. Buy and download the PDF files (instant download). 2. Print at home or at a print shop (US Letter and A4 included). 3. Enjoy! For personal and single-classroom use. Please do not share or resell the files. Designed and made by Sonneblom. Game text and layouts are original; some content was drafted with the help of AI tools and checked by hand. This is a digital download: nothing will be shipped. Because of the nature of digital files, returns are not accepted, but message me if anything is wrong and I'll fix it.",https://sonneblomdigitaal.co.za/shop/4587008383-south-african-traditional-games-for-kids/,https://i.etsystatic.com/63442998/r/il/f41929/8659727163/il_fullxfull.8659727163_dwt7.jpg,"https://i.etsystatic.com/63442998/r/il/13b3f2/8659727289/il_fullxfull.8659727289_18u4.jpg,https://i.etsystatic.com/63442998/r/il/93c45d/8659727437/il_fullxfull.8659727437_po2e.jpg,https://i.etsystatic.com/63442998/r/il/3e0fe0/8659727553/il_fullxfull.8659727553_oajl.jpg,https://i.etsystatic.com/63442998/r/il/52858e/8611897702/il_fullxfull.8611897702_e8fr.jpg",4.49 USD,in stock,new,Sonneblom,Printables > South African,Toys & Games > Games > Board Games,printable
4587012768,4587012768,"Afrikaans Party Games, South African Food Bingo, Trivia and Afrikaans Idioms Game","Lekker speletjies for your next braai, birthday or kuier! A South African party games pack written in Afrikaans. WHAT'S INCLUDED (22 pages, US Letter + A4): • How to play page • SA Kos Bingo: 12 unique bingo cards + calling cards with 40 South African foods (braaivleis, biltong, bobotie, koeksisters, koesisters, bunny chow, umngqusho, breyani, melktert...) • Voltooi die Spreekwoord: complete 15 well-known Afrikaans sayings (answers include the meaning) • Hoe Suid-Afrikaans Is Jy?: 20-question South Africa trivia quiz • Sou Jy Eerder...? South African edition (beurtkrag or no internet?) • Kategorieë: Afrikaans scattergories with South African categories • Answer keys PERFECT FOR Braais, Heritage Day, Springbok match days, South African clubs and churches abroad, family reunions and Christmas. ABOUT SONNEBLOM Sonneblom is our line of Afrikaans and South African heritage printables, made for families in South Africa and for South Africans living abroad in Australia, New Zealand, the UK, Canada, the USA and beyond. HOW IT WORKS 1. Buy and download the PDF files (instant download). 2. Print at home or at a print shop (US Letter and A4 included). 3. Enjoy! For personal and single-classroom use. Please do not share or resell the files. Designed and made by Sonneblom. Game text and layouts are original; some content was drafted with the help of AI tools and checked by hand. This is a digital download: nothing will be shipped. Because of the nature of digital files, returns are not accepted, but message me if anything is wrong and I'll fix it.",https://sonneblomdigitaal.co.za/shop/4587012768-afrikaans-party-games/,https://i.etsystatic.com/63442998/r/il/7f8413/8659729007/il_fullxfull.8659729007_gc13.jpg,"https://i.etsystatic.com/63442998/r/il/0d54f9/8611899222/il_fullxfull.8611899222_nxx4.jpg,https://i.etsystatic.com/63442998/r/il/f669fe/8659729213/il_fullxfull.8659729213_anbs.jpg,https://i.etsystatic.com/63442998/r/il/afbc95/8611899428/il_fullxfull.8611899428_m2dy.jpg,https://i.etsystatic.com/63442998/r/il/26e178/8611899524/il_fullxfull.8611899524_jtqx.jpg",3.99 USD,in stock,new,Sonneblom,Printables > South African,Arts & Entertainment > Party & Celebration > Party Supplies > Party Games,printable
4587008285,4587008285,"Afrikaans Alphabet Tracing Worksheets, Afrikaanse ABC and Numbers 1-10 for Preschool","Teach your little one the Afrikaans alphabet and numbers! 40 tracing worksheets for children aged 3 to 6, written in Afrikaans. WHAT'S INCLUDED (40 pages, US Letter + A4): • 26 alphabet pages, A to Z: big dotted upper- and lower-case letters, an Afrikaans picture word (A is vir Aap, B is vir Beer...) and tracing rows • 10 number pages, 1 to 10: trace the number and the Afrikaans word (een, twee, drie...) and count the pictures • My Afrikaanse Alfabet: full A to Z chart • My Getalle: 1 to 10 counting chart • ABC Kampioen certificate Uses Andika, a font designed for children learning to read, with simple letter shapes. ABOUT SONNEBLOM Sonneblom is our line of Afrikaans and South African heritage printables, made for families in South Africa and for South Africans living abroad in Australia, New Zealand, the UK, Canada, the USA and beyond. HOW IT WORKS 1. Buy and download the PDF files (instant download). 2. Print at home or at a print shop (US Letter and A4 included). 3. Enjoy! For personal and single-classroom use. Please do not share or resell the files. Designed and made by Sonneblom. Game text and layouts are original; some content was drafted with the help of AI tools and checked by hand. This is a digital download: nothing will be shipped. Because of the nature of digital files, returns are not accepted, but message me if anything is wrong and I'll fix it.",https://sonneblomdigitaal.co.za/shop/4587008285-afrikaans-alphabet-tracing-worksheets/,https://i.etsystatic.com/63442998/r/il/a85332/8659726291/il_fullxfull.8659726291_2y2s.jpg,"https://i.etsystatic.com/63442998/r/il/edc91c/8659726413/il_fullxfull.8659726413_d9b1.jpg,https://i.etsystatic.com/63442998/r/il/3813a9/8659726493/il_fullxfull.8659726493_eevw.jpg,https://i.etsystatic.com/63442998/r/il/362308/8611896710/il_fullxfull.8611896710_ji6u.jpg,https://i.etsystatic.com/63442998/r/il/47b590/8611896816/il_fullxfull.8611896816_iy5w.jpg",3.99 USD,in stock,new,Sonneblom,Printables > South African,Toys & Games > Toys > Educational Toys,printable
4587008823,4587008823,"Afrikaans Christmas Activity Book for Kids, Afrikaanse Kersfees Activities","Geseënde Kersfees! A 20-page Christmas activity book for kids aged 4 to 10, written fully in Afrikaans, with a South African summer Christmas twist (strand, braai and gammie included!). WHAT'S INCLUDED (20 pages, US Letter + A4): • My Kersfees-wenslys (Christmas wish list) • Wie Kry 'n Geskenkie? gift list • 3 Christmas word searches: easy, medium and hard • Deurmekaar Woorde: 15 scrambled Christmas words • 3 Christmas mazes • Ek Sien Met My Klein Ogie counting page • Sou Jy Eerder...? Christmas edition • Teken en Skryf: draw and write to Kersvader • Kersfees-pretlys: 18-item Christmas bucket list • Christmas tic-tac-toe • 12 riddle cards to cut out • Kersfees Ster certificate • Answer keys Perfect for Christmas holidays, Afrikaans Sunday school, family visits and long trips home. ABOUT SONNEBLOM Sonneblom is our line of Afrikaans and South African heritage printables, made for families in South Africa and for South Africans living abroad in Australia, New Zealand, the UK, Canada, the USA and beyond. HOW IT WORKS 1. Buy and download the PDF files (instant download). 2. Print at home or at a print shop (US Letter and A4 included). 3. Enjoy! For personal and single-classroom use. Please do not share or resell the files. Designed and made by Sonneblom. Game text and layouts are original; some content was drafted with the help of AI tools and checked by hand. This is a digital download: nothing will be shipped. Because of the nature of digital files, returns are not accepted, but message me if anything is wrong and I'll fix it.",https://sonneblomdigitaal.co.za/shop/4587008823-afrikaans-christmas-activity-book-for-kids/,https://i.etsystatic.com/63442998/r/il/a3c5c4/8611900906/il_fullxfull.8611900906_eccu.jpg,"https://i.etsystatic.com/63442998/r/il/e5e49b/8611901030/il_fullxfull.8611901030_mb33.jpg,https://i.etsystatic.com/63442998/r/il/068e8b/8659731093/il_fullxfull.8659731093_a12v.jpg,https://i.etsystatic.com/63442998/r/il/ded323/8659731179/il_fullxfull.8659731179_7ale.jpg,https://i.etsystatic.com/63442998/r/il/5bb3c6/8659731239/il_fullxfull.8659731239_e58d.jpg",3.49 USD,in stock,new,Sonneblom,Printables > South African,Toys & Games > Toys > Educational Toys,printable
4587012902,4587012902,"Afrikaans Word Search Puzzles, 20 Afrikaanse Woordsoek Printable Puzzles with Solutions","20 word search puzzles in Afrikaans, one theme per page, with all the solutions at the back. Lovely for Ouma and Oupa, Afrikaans learners and anyone who misses the taal. THE 20 THEMES: Diere van Afrika · Op die Plaas · Lekker Kos · Om die Braaivleisvuur · In die Kombuis · Familie · Kleure · Klere · Die Weer · Skooltyd · Sport · By die See · Voëls · Bome en Blomme · Suid-Afrikaanse Plekke · Musiek · Beroepe · Die Liggaam · Kersfees · Speelgoed en Speletjies 25 pages, US Letter + A4. Words read across, down, diagonally and backwards. Note: words that normally carry accents (ê, ë) were left out so every word fits the grid properly. ABOUT SONNEBLOM Sonneblom is our line of Afrikaans and South African heritage printables, made for families in South Africa and for South Africans living abroad in Australia, New Zealand, the UK, Canada, the USA and beyond. HOW IT WORKS 1. Buy and download the PDF files (instant download). 2. Print at home or at a print shop (US Letter and A4 included). 3. Enjoy! For personal and single-classroom use. Please do not share or resell the files. Designed and made by Sonneblom. Game text and layouts are original; some content was drafted with the help of AI tools and checked by hand. This is a digital download: nothing will be shipped. Because of the nature of digital files, returns are not accepted, but message me if anything is wrong and I'll fix it.",https://sonneblomdigitaal.co.za/shop/4587012902-afrikaans-word-search-puzzles/,https://i.etsystatic.com/63442998/r/il/9edc70/8659729973/il_fullxfull.8659729973_90ye.jpg,"https://i.etsystatic.com/63442998/r/il/f46e9f/8611900190/il_fullxfull.8611900190_ekld.jpg,https://i.etsystatic.com/63442998/r/il/6d7c8b/8659730197/il_fullxfull.8659730197_dnu7.jpg,https://i.etsystatic.com/63442998/r/il/9ad7b1/8659730295/il_fullxfull.8659730295_kxdc.jpg,https://i.etsystatic.com/63442998/r/il/5df37a/8611900490/il_fullxfull.8611900490_4zh2.jpg",3.49 USD,in stock,new,Sonneblom,Printables > South African,Media > Books > Print Books,printable
4587008171,4587008171,"Afrikaans Activity Book for Kids, South African Printable Activities in Afrikaans","Keep Afrikaans alive at home! ""Kom Ontdek Suid-Afrika"" is a 20-page activity book for kids aged 4 to 10, written fully in Afrikaans and filled with South African animals, places and food. WHAT'S INCLUDED (20 pages, US Letter + A4): • Alles Oor My (all about me) fill-in page • My Afrikaanse Woordeboek: a page to collect new Afrikaans words • 3 word searches (Woordsoek): easy, medium and hard, with SA animals and places • Deurmekaar Woorde: 15 scrambled South African words (braai, biltong, melktert...) • 3 mazes (Doolhowe): easy, medium and hard • Ek Sien Met My Klein Ogie: I Spy counting page • Sou Jy Eerder...? (Would you rather), 18 questions • Teken en Skryf: draw and write • Lekker Dinge om te Doen: 18-item bucket list • Kruisies en Nulletjies (tic-tac-toe) • 12 Afrikaans riddle cards (Raaisels) to cut out • Afrikaanse Ster certificate • Answer keys PERFECT FOR Afrikaans families abroad, Afrikaans home-schoolers, Sunday school, holidays with Ouma and Oupa, and long flights home. ABOUT SONNEBLOM Sonneblom is our line of Afrikaans and South African heritage printables, made for families in South Africa and for South Africans living abroad in Australia, New Zealand, the UK, Canada, the USA and beyond. HOW IT WORKS 1. Buy and download the PDF files (instant download). 2. Print at home or at a print shop (US Letter and A4 included). 3. Enjoy! For personal and single-classroom use. Please do not share or resell the files. Designed and made by Sonneblom. Game text and layouts are original; some content was drafted with the help of AI tools and checked by hand. This is a digital download: nothing will be shipped. Because of the nature of digital files, returns are not accepted, but message me if anything is wrong and I'll fix it.",https://sonneblomdigitaal.co.za/shop/4587008171-afrikaans-activity-book-for-kids/,https://i.etsystatic.com/63442998/r/il/02b685/8659725555/il_fullxfull.8659725555_jjj3.jpg,"https://i.etsystatic.com/63442998/r/il/44d126/8659725675/il_fullxfull.8659725675_kalk.jpg,https://i.etsystatic.com/63442998/r/il/d65a71/8659725761/il_fullxfull.8659725761_q6ui.jpg,https://i.etsystatic.com/63442998/r/il/a881ce/8659725849/il_fullxfull.8659725849_ha1l.jpg,https://i.etsystatic.com/63442998/r/il/9d5c41/8611896092/il_fullxfull.8611896092_2vsu.jpg",3.49 USD,in stock,new,Sonneblom,Printables > South African,Toys & Games > Toys > Educational Toys,printable
4585659690,4585659690,"Thanksgiving Math Mystery Pictures, Fall Color by Number Worksheets K-4","Solve, color and reveal! Kids solve the math problem in each square, then color it using the key. When every square is done, a hidden fall picture appears. A fun, no-prep math activity for November and Thanksgiving week. WHAT'S INCLUDED (22 pages, US Letter + A4): • 18 mystery picture worksheets at 3 levels: - Level A: add and subtract within 10 (6 sheets, K-1) - Level B: add and subtract within 20 (6 sheets, grades 1-2) - Level C: multiplication facts to 10 × 10 (6 sheets, grades 3-4) • 6 hidden pictures: turkey, autumn leaf, acorn, pilgrim hat, apple and pumpkin • Answer key with every finished picture in color • Bonus: blank grid to design your own mystery picture • How-to-use page Every level uses the same 6 pictures, so a mixed-ability class can all reveal the same surprise. Every problem was checked by computer to make sure it matches its color. PERFECT FOR Math centers, early finishers, homework, sub plans, homeschool, and class Thanksgiving parties. The pictures suit all of fall, from September to November. HOW IT WORKS 1. Buy and download the PDF files (instant download). 2. Print in black and white. 3. Solve, color and reveal! For personal, homeschool and single-classroom use. Please do not share or resell the files. Designed and made by Sonneblom. Game text and layouts are original; some content was drafted with the help of AI tools and checked by hand. This is a digital download: nothing will be shipped. Because of the nature of digital files, returns are not accepted, but message me if anything is wrong and I'll fix it. SAVE WITH A BUNDLE This product is also part of our Holiday Math Mystery Pictures Bundle (Halloween, Thanksgiving and Christmas), with 33% off. See the Bundle Deals section of the Sonneblom shop.",https://sonneblomdigitaal.co.za/shop/4585659690-thanksgiving-math-mystery-pictures/,https://i.etsystatic.com/63442998/r/il/48f65b/8649340759/il_fullxfull.8649340759_65lk.jpg,"https://i.etsystatic.com/63442998/r/il/5b9b57/8601499730/il_fullxfull.8601499730_52wv.jpg,https://i.etsystatic.com/63442998/r/il/1fa1b4/8649340979/il_fullxfull.8649340979_i0ep.jpg,https://i.etsystatic.com/63442998/r/il/2d5507/8649341039/il_fullxfull.8649341039_o8wy.jpg,https://i.etsystatic.com/63442998/r/il/0fcdf5/8649341123/il_fullxfull.8649341123_oj2u.jpg",3.49 USD,in stock,new,Sonneblom,Printables > Kids Learning,Toys & Games > Toys > Educational Toys,printable
4585659078,4585659078,"Halloween Math Mystery Pictures, Color by Number Worksheets K-4","Solve, color and reveal! Kids solve the math problem in each square, then color it using the key. When every square is done, a hidden Halloween picture appears. A fun, no-prep math activity for Halloween week and fall parties. WHAT'S INCLUDED (22 pages, US Letter + A4): • 18 mystery picture worksheets at 3 levels: - Level A: add and subtract within 10 (6 sheets, K-1) - Level B: add and subtract within 20 (6 sheets, grades 1-2) - Level C: multiplication facts to 10 × 10 (6 sheets, grades 3-4) • 6 hidden pictures: pumpkin, ghost, bat, witch hat, candy corn and spider • Answer key with every finished picture in color • Bonus: blank grid to design your own mystery picture • How-to-use page Every level uses the same 6 pictures, so a mixed-ability class can all reveal the same surprise. Every problem was checked by computer to make sure it matches its color. PERFECT FOR Math centers, early finishers, homework, sub plans, homeschool, and class Halloween parties. Not scary: friendly pictures for young kids. HOW IT WORKS 1. Buy and download the PDF files (instant download). 2. Print in black and white. 3. Solve, color and reveal! For personal, homeschool and single-classroom use. Please do not share or resell the files. Designed and made by Sonneblom. Game text and layouts are original; some content was drafted with the help of AI tools and checked by hand. This is a digital download: nothing will be shipped. Because of the nature of digital files, returns are not accepted, but message me if anything is wrong and I'll fix it. SAVE WITH A BUNDLE This product is also part of our Holiday Math Mystery Pictures Bundle (Halloween, Thanksgiving and Christmas), with 33% off. See the Bundle Deals section of the Sonneblom shop.",https://sonneblomdigitaal.co.za/shop/4585659078-halloween-math-mystery-pictures/,https://i.etsystatic.com/63442998/r/il/b5d097/8649335843/il_fullxfull.8649335843_tvdz.jpg,"https://i.etsystatic.com/63442998/r/il/a1a567/8649335957/il_fullxfull.8649335957_bkmj.jpg,https://i.etsystatic.com/63442998/r/il/585e2b/8601494826/il_fullxfull.8601494826_giyk.jpg,https://i.etsystatic.com/63442998/r/il/0e97d9/8649336137/il_fullxfull.8649336137_gwtj.jpg,https://i.etsystatic.com/63442998/r/il/6e079b/8649336233/il_fullxfull.8649336233_v3mf.jpg",3.49 USD,in stock,new,Sonneblom,Printables > Kids Learning,Toys & Games > Toys > Educational Toys,printable
4585653149,4585653149,"Christmas Math Mystery Pictures, Color by Number Worksheets K-4","Solve, color and reveal! Kids solve the math problem in each square, then color it using the key. When every square is done, a hidden Christmas picture appears. A fun, no-prep math activity for the busy weeks before the holidays. WHAT'S INCLUDED (22 pages, US Letter + A4): • 18 mystery picture worksheets at 3 levels: - Level A: add and subtract within 10 (6 sheets, K-1) - Level B: add and subtract within 20 (6 sheets, grades 1-2) - Level C: multiplication facts to 10 × 10 (6 sheets, grades 3-4) • 6 hidden pictures: Christmas tree, snowman, present, gingerbread man, Christmas star and Santa hat • Answer key with every finished picture in color • Bonus: blank grid to design your own mystery picture • How-to-use page Every level uses the same 6 pictures, so a mixed-ability class can all reveal the same surprise. Every problem was checked by computer to make sure it matches its color. PERFECT FOR Math centers, early finishers, homework, sub plans, homeschool, and class Christmas parties. HOW IT WORKS 1. Buy and download the PDF files (instant download). 2. Print in black and white. 3. Solve, color and reveal! For personal, homeschool and single-classroom use. Please do not share or resell the files. Designed and made by Sonneblom. Game text and layouts are original; some content was drafted with the help of AI tools and checked by hand. This is a digital download: nothing will be shipped. Because of the nature of digital files, returns are not accepted, but message me if anything is wrong and I'll fix it. SAVE WITH A BUNDLE This product is also part of our Holiday Math Mystery Pictures Bundle (Halloween, Thanksgiving and Christmas), with 33% off. See the Bundle Deals section of the Sonneblom shop.",https://sonneblomdigitaal.co.za/shop/4585653149-christmas-math-mystery-pictures/,https://i.etsystatic.com/63442998/r/il/7590c8/8649330087/il_fullxfull.8649330087_zwgi.jpg,"https://i.etsystatic.com/63442998/r/il/2e52be/8649330185/il_fullxfull.8649330185_k6rz.jpg,https://i.etsystatic.com/63442998/r/il/2e37c0/8601489092/il_fullxfull.8601489092_m3fp.jpg,https://i.etsystatic.com/63442998/r/il/39a3ba/8601489210/il_fullxfull.8601489210_q955.jpg,https://i.etsystatic.com/63442998/r/il/f60d38/8649330519/il_fullxfull.8649330519_a82u.jpg",3.49 USD,in stock,new,Sonneblom,Printables > Kids Learning,Toys & Games > Toys > Educational Toys,printable
4585531505,4585531505,"106 Printable Math Worksheets Bundle, K-4 Addition, Subtraction, Multiplication, Division","106 printable math worksheets for kindergarten to grade 4, with answer keys for every sheet. Great for homeschool, extra practice, summer review and classroom centres. WHAT'S INCLUDED (118 pages, US Letter + A4): • Addition within 10 and within 20 (12 sheets) • Subtraction within 10 and within 20 (12 sheets) • 2-digit addition, with and without regrouping (8 sheets) • 2-digit subtraction, with and without borrowing (8 sheets) • Times tables 1 to 12, two sheets per table (24 sheets) • Mixed multiplication 0 to 12 (8 sheets) • Division facts (12 sheets) • Timed drills, 100 facts in 5 minutes: addition, subtraction, multiplication and division (22 sheets) • Answer keys for every sheet Every sheet has a name, date and score line. Big, clear numbers in a child-friendly font. Every answer in the answer keys was checked by computer. HOW IT WORKS 1. Buy and download the PDF files (instant download). 2. Print the sheets you need, as often as you like. 3. Mark quickly with the answer keys. For personal, homeschool and single-classroom use. Please do not share or resell the files. Designed and made by Sonneblom. Game text and layouts are original; some content was drafted with the help of AI tools and checked by hand. This is a digital download: nothing will be shipped. Because of the nature of digital files, returns are not accepted, but message me if anything is wrong and I'll fix it. SAVE WITH A BUNDLE This product is also part of our Kids Learning & Routine Bundle, with up to 50% off. See the Bundle Deals section of the Sonneblom shop.",https://sonneblomdigitaal.co.za/shop/4585531505-106-printable-math-worksheets-bundle/,https://i.etsystatic.com/63442998/r/il/755cf1/8600491038/il_fullxfull.8600491038_lxp8.jpg,"https://i.etsystatic.com/63442998/r/il/568135/8600491142/il_fullxfull.8600491142_danm.jpg,https://i.etsystatic.com/63442998/r/il/e6f489/8600491240/il_fullxfull.8600491240_kysr.jpg,https://i.etsystatic.com/63442998/r/il/df15ca/8600491316/il_fullxfull.8600491316_efup.jpg,https://i.etsystatic.com/63442998/r/il/c49b85/8600491416/il_fullxfull.8600491416_ce0f.jpg,https://i.etsystatic.com/63442998/r/il/525259/8600491480/il_fullxfull.8600491480_fnme.jpg",2.99 USD,in stock,new,Sonneblom,Printables > Kids Learning,Toys & Games > Toys > Educational Toys,printable
4586213963,4586213963,"Thanksgiving Activity Pack for Kids, Printable Kids Table Activities","Keep the kids' table happy while the turkey cooks! Screen-free Thanksgiving fun for kids aged 4 to 10. Print as many copies as you need for the family, a classroom or a Friendsgiving. WHAT'S INCLUDED (20 pages, US Letter + A4): • All About My Thanksgiving (fill-in-the-blanks + draw your table) • I Am Thankful For... list page • 3 Thanksgiving word searches: easy, medium and hard • Thanksgiving word scramble (15 words) • 3 mazes: easy, medium and hard • I Spy Thanksgiving counting page • Thanksgiving Would You Rather (18 questions) • Draw & write: draw your family + ""This year I am grateful because..."" • Gratitude Challenge checklist (18 kind acts for November) • Thanksgiving tic-tac-toe • 12 Thanksgiving joke cards to cut out • Thankful Heart award certificate • Answer keys for the word searches, mazes, scramble and I Spy PERFECT FOR The kids' table, classroom Thanksgiving parties, November morning work, Friendsgiving, restaurant tables and long car trips to grandma's. HOW IT WORKS 1. Buy and download the PDF files (instant download). 2. Print at home in colour or black and white. 3. Put a stack at each place setting with some crayons. For personal and single-classroom use. Please do not share or resell the files. Designed and made by Sonneblom. Game text and layouts are original; some content was drafted with the help of AI tools and checked by hand. This is a digital download: nothing will be shipped. Because of the nature of digital files, returns are not accepted, but message me if anything is wrong and I'll fix it.",https://sonneblomdigitaal.co.za/shop/4586213963-thanksgiving-activity-pack-for-kids/,https://i.etsystatic.com/63442998/r/il/9d2965/8653517471/il_fullxfull.8653517471_ewz8.jpg,"https://i.etsystatic.com/63442998/r/il/2a47ca/8605680808/il_fullxfull.8605680808_f678.jpg,https://i.etsystatic.com/63442998/r/il/1ff044/8605680894/il_fullxfull.8605680894_sbca.jpg,https://i.etsystatic.com/63442998/r/il/3ec212/8605680980/il_fullxfull.8605680980_dzso.jpg,https://i.etsystatic.com/63442998/r/il/80a549/8653517791/il_fullxfull.8653517791_mxpw.jpg,https://i.etsystatic.com/63442998/r/il/20fc1e/8605681076/il_fullxfull.8605681076_t7p3.jpg",2.99 USD,in stock,new,Sonneblom,Printables > Kids Learning,Toys & Games > Toys > Educational Toys,printable
4586213879,4586213879,"Halloween Activity Pack for Kids, Printable Halloween Activities","Not-too-spooky Halloween fun for kids aged 4 to 10! Print as many copies as you need for the family, a classroom or a Halloween party. WHAT'S INCLUDED (20 pages, US Letter + A4): • My Halloween Costume Plan (fill-in-the-blanks + draw your costume) • Trick-or-Treat Candy Tracker • 3 Halloween word searches: easy, medium and hard • Halloween word scramble (15 words) • 3 mazes: easy, medium and hard • I Spy Halloween counting page • Halloween Would You Rather (18 questions) • Draw & write: design a jack-o'-lantern + ""If I were a friendly monster..."" • Halloween bucket list (18 ideas) • Halloween tic-tac-toe • 12 Halloween joke cards to cut out • Best Costume award certificate • Answer keys for the word searches, mazes, scramble and I Spy PERFECT FOR Classroom Halloween parties, fall break, Boo baskets, rainy October afternoons, restaurant tables and car trips. Friendly pictures only, nothing scary. HOW IT WORKS 1. Buy and download the PDF files (instant download). 2. Print at home in colour or black and white. 3. Hand out the pages with some crayons and enjoy the quiet! For personal and single-classroom use. Please do not share or resell the files. Designed and made by Sonneblom. Game text and layouts are original; some content was drafted with the help of AI tools and checked by hand. This is a digital download: nothing will be shipped. Because of the nature of digital files, returns are not accepted, but message me if anything is wrong and I'll fix it.",https://sonneblomdigitaal.co.za/shop/4586213879-halloween-activity-pack-for-kids/,https://i.etsystatic.com/63442998/r/il/240cec/8653516817/il_fullxfull.8653516817_ew2x.jpg,"https://i.etsystatic.com/63442998/r/il/fa00c6/8653516907/il_fullxfull.8653516907_nvq5.jpg,https://i.etsystatic.com/63442998/r/il/406171/8653517011/il_fullxfull.8653517011_k2jw.jpg,https://i.etsystatic.com/63442998/r/il/0b65d3/8605680342/il_fullxfull.8605680342_4lma.jpg,https://i.etsystatic.com/63442998/r/il/23ee6a/8653517157/il_fullxfull.8653517157_mypf.jpg,https://i.etsystatic.com/63442998/r/il/975712/8653517225/il_fullxfull.8653517225_5w3i.jpg",2.99 USD,in stock,new,Sonneblom,Printables > Kids Learning,Toys & Games > Toys > Educational Toys,printable
4585540182,4585540182,"Kids Chore Chart Printable, Visual Routine, Reward System","Help your kids build good habits with colourful picture chore charts and routine charts. Pictures on every job mean even children who can't read yet know exactly what to do. WHAT'S INCLUDED (16 pages, US Letter + A4): • Toddler chore chart (ages 3-5), with picture jobs • Kids chore chart (ages 6-9) • Big kid chore chart (ages 10+) • Blank chore chart to fill in yourself • Morning routine chart • After-school routine chart • Bedtime routine chart • Family chore chart for up to 4 people • Reward chart (20 stars) and Super Star chart (30 stars) with ""my reward"" box • Pocket money tracker: earn, save, spend and share • 36 picture chore cards to cut out, plus 12 blank cards HOW TO USE 1. Buy and download the PDF files (instant download). 2. Print at home in colour. 3. Laminate the charts or pop them in a plastic sleeve, and use a dry-erase marker or stickers. 4. Stick the chore cards on with Velcro dots to change the jobs as your child grows. For personal and single-classroom use. Please do not share or resell the files. Designed and made by Sonneblom. Game text and layouts are original; some content was drafted with the help of AI tools and checked by hand. This is a digital download: nothing will be shipped. Because of the nature of digital files, returns are not accepted, but message me if anything is wrong and I'll fix it. SAVE WITH A BUNDLE This product is also part of our Kids Learning & Routine Bundle, with up to 50% off. See the Bundle Deals section of the Sonneblom shop.",https://sonneblomdigitaal.co.za/shop/4585540182-kids-chore-chart-printable/,https://i.etsystatic.com/63442998/r/il/d530bf/8600522258/il_fullxfull.8600522258_3oua.jpg,"https://i.etsystatic.com/63442998/r/il/0f84b2/8600522360/il_fullxfull.8600522360_dgei.jpg,https://i.etsystatic.com/63442998/r/il/5ea7d2/8600522472/il_fullxfull.8600522472_jq4k.jpg,https://i.etsystatic.com/63442998/r/il/002ae2/8648364107/il_fullxfull.8648364107_b9sc.jpg,https://i.etsystatic.com/63442998/r/il/550cf5/8648364169/il_fullxfull.8648364169_kxr9.jpg,https://i.etsystatic.com/63442998/r/il/3e0172/8648364285/il_fullxfull.8648364285_oyp7.jpg,https://i.etsystatic.com/63442998/r/il/39809d/8600522930/il_fullxfull.8600522930_7ol6.jpg",2.99 USD,in stock,new,Sonneblom,Printables > Kids Learning,"Office Supplies > Filing & Organization > Calendars, Organizers & Planners",printable
4585531409,4585531409,"Preschool Tracing Bundle, 80 Pages, Letters, Numbers, Shapes","A colourful 80-page preschool learning pack for ages 3 to 5. Perfect for pre-K, kindergarten readiness, homeschool, daycare and busy binders. WHAT'S INCLUDED (80 pages, US Letter + A4): • Pre-writing lines: straight, zigzag, wavy, hills, castle and loops (6 pages) • Letter tracing A to Z with upper case, lower case and a picture word for every letter (26 pages) • Number tracing 0 to 20 with counting pictures, number words and colouring (21 pages) • Shape tracing: circle, square, triangle, rectangle, oval, diamond, star and heart (8 pages) • Count and circle (6 pages) • What comes next? pattern pages (4 pages) • Easy mazes (6 pages) • Certificate of completion Uses a clear, child-friendly school font with single-storey ""a"" and ""g"", just like children learn to write them. HOW IT WORKS 1. Buy and download the PDF files (instant download). 2. Print at home in colour or black and white. 3. Tip: slide pages into plastic sleeves and use a dry-erase marker to practise again and again. For personal, homeschool and single-classroom use. Please do not share or resell the files. Designed and made by Sonneblom. Game text and layouts are original; some content was drafted with the help of AI tools and checked by hand. This is a digital download: nothing will be shipped. Because of the nature of digital files, returns are not accepted, but message me if anything is wrong and I'll fix it. SAVE WITH A BUNDLE This product is also part of our Kids Learning & Routine Bundle, with up to 50% off. See the Bundle Deals section of the Sonneblom shop.",https://sonneblomdigitaal.co.za/shop/4585531409-preschool-tracing-bundle/,https://i.etsystatic.com/63442998/r/il/963423/8648331135/il_fullxfull.8648331135_ry68.jpg,"https://i.etsystatic.com/63442998/r/il/ae3f32/8600490280/il_fullxfull.8600490280_9421.jpg,https://i.etsystatic.com/63442998/r/il/d84a95/8600490372/il_fullxfull.8600490372_83nh.jpg,https://i.etsystatic.com/63442998/r/il/a03ab5/8600490456/il_fullxfull.8600490456_bne8.jpg,https://i.etsystatic.com/63442998/r/il/d4f057/8648331523/il_fullxfull.8648331523_un9s.jpg,https://i.etsystatic.com/63442998/r/il/6966af/8648331671/il_fullxfull.8648331671_soc6.jpg",2.49 USD,in stock,new,Sonneblom,Printables > Kids Learning,Toys & Games > Toys > Educational Toys,printable
4585531281,4585531281,"Bridal Shower Games Bundle, 16 Printable Games, Blush Gold Design","Host a fun, elegant bridal shower with 16 printable games and keepsakes in a soft blush and gold design. WHAT'S INCLUDED (44 pages, US Letter + A4): • How Well Do You Know the Bride? • He Said, She Said • Would She Rather • Famous Couples quiz • Bridal Emoji Pictionary (romantic movies and wedding phrases) • Bridal Word Scramble and 2 Word Searches • What's in Your Purse? • Love Story Fill-in (fill-in-the-blank) • Bridal Gift Bingo: 20 unique cards • Date Night Idea cards for a keepsake jar • Advice for the Bride and Wishes for the Couple cards • Don't Say ""Wedding"" sign • Guess How Many Kisses sign and slips • Answer keys HOW IT WORKS 1. Buy and download the PDF files (instant download). 2. Print at home or at a print shop, on paper or card stock. 3. Print one game sheet per guest and celebrate! Print as many copies as you need for your own event. Please do not share or resell the files. Designed and made by Sonneblom. Game text and layouts are original; some content was drafted with the help of AI tools and checked by hand. This is a digital download: nothing will be shipped. Because of the nature of digital files, returns are not accepted, but message me if anything is wrong and I'll fix it.",https://sonneblomdigitaal.co.za/shop/4585531281-bridal-shower-games-bundle/,https://i.etsystatic.com/63442998/r/il/fb960b/8600489442/il_fullxfull.8600489442_9b8r.jpg,"https://i.etsystatic.com/63442998/r/il/832ebc/8600489500/il_fullxfull.8600489500_7m3o.jpg,https://i.etsystatic.com/63442998/r/il/716233/8600489598/il_fullxfull.8600489598_pore.jpg,https://i.etsystatic.com/63442998/r/il/bb85d7/8600489696/il_fullxfull.8600489696_ocrl.jpg,https://i.etsystatic.com/63442998/r/il/966de4/8648330835/il_fullxfull.8648330835_nzja.jpg,https://i.etsystatic.com/63442998/r/il/9a6006/8600489922/il_fullxfull.8600489922_gpy4.jpg",2.99 USD,in stock,new,Sonneblom,Printables > Party Games,Arts & Entertainment > Party & Celebration > Party Supplies > Party Games,printable
4585531213,4585531213,"Gender Neutral Baby Shower Games Bundle, 20 Printable Activities","Everything you need to host a fun, relaxed baby shower: 20 printable games and activities in a soft, gender-neutral sage design. WHAT'S INCLUDED (50 pages, US Letter + A4): • Baby Animal Names quiz • Nursery Rhyme Quiz • Baby Emoji Pictionary (24 puzzles) • Mommy or Daddy? • Who Knows Mommy Best? • What's in Your Purse? • Baby Word Scramble and 2 Baby Word Searches • Baby Gift Bingo: 20 unique cards to play while gifts are opened • Baby Items A to Z • Guess the Baby Food • Would You Rather cards • Baby Story Fill-in • Baby Predictions, Advice for the Parents and Wishes for Baby keepsake cards • Don't Say ""Baby"" sign • Guess How Many sign and slips • Diaper Raffle tickets • Answer keys for every quiz HOW IT WORKS 1. Buy and download the PDF files (instant download). 2. Print at home or at a print shop, on paper or card stock. 3. Print one game sheet per guest and enjoy the party! Print as many copies as you need for your own event. Please do not share or resell the files. Designed and made by Sonneblom. Game text and layouts are original; some content was drafted with the help of AI tools and checked by hand. This is a digital download: nothing will be shipped. Because of the nature of digital files, returns are not accepted, but message me if anything is wrong and I'll fix it.",https://sonneblomdigitaal.co.za/shop/4585531213-gender-neutral-baby-shower-games-bundle/,https://i.etsystatic.com/63442998/r/il/943b1b/8648329741/il_fullxfull.8648329741_r6fh.jpg,"https://i.etsystatic.com/63442998/r/il/a82d6d/8648329817/il_fullxfull.8648329817_kme0.jpg,https://i.etsystatic.com/63442998/r/il/d0d810/8648329887/il_fullxfull.8648329887_1o7l.jpg,https://i.etsystatic.com/63442998/r/il/43efe8/8600489018/il_fullxfull.8600489018_6jjf.jpg,https://i.etsystatic.com/63442998/r/il/31ac88/8600489072/il_fullxfull.8600489072_6o9o.jpg,https://i.etsystatic.com/63442998/r/il/584a69/8600489158/il_fullxfull.8600489158_e4ys.jpg",2.99 USD,in stock,new,Sonneblom,Printables > Party Games,Arts & Entertainment > Party & Celebration > Party Supplies > Party Games,printable
4585545080,4585545080,"Baby Shower Bingo Game, 30 Unique Pre-Filled Cards, Gender Neutral","The favourite baby shower game: guests mark their cards as mom-to-be opens her gifts. Every card is already filled in and unique. WHAT'S INCLUDED (US Letter + A4): • 30 unique pre-filled baby gift bingo cards • Calling cards • How-to-play page HOW IT WORKS 1. Buy and download the PDF files (instant download). 2. Print at home in colour or black and white. 3. Play! For personal use. Please do not share or resell the files. Designed and made by Sonneblom. Game text and layouts are original; some content was drafted with the help of AI tools and checked by hand. This is a digital download: nothing will be shipped. Because of the nature of digital files, returns are not accepted, but message me if anything is wrong and I'll fix it.",https://sonneblomdigitaal.co.za/shop/4585545080-baby-shower-bingo-game/,https://i.etsystatic.com/63442998/r/il/14b52e/8648404463/il_fullxfull.8648404463_ij4j.jpg,"https://i.etsystatic.com/63442998/r/il/8d8f15/8600563482/il_fullxfull.8600563482_51zn.jpg,https://i.etsystatic.com/63442998/r/il/ea0394/8648404623/il_fullxfull.8648404623_e64h.jpg",1.99 USD,in stock,new,Sonneblom,Printables > Party Games,Arts & Entertainment > Party & Celebration > Party Supplies > Party Games,printable
4585546072,4585546072,"Who Are You Most Like Quiz, Baby Shower Quiz, Sage Green Design","How well do your guests know the mom-to-be? A sweet, easy baby shower quiz in soft sage green. WHAT'S INCLUDED (US Letter + A4): • Who Knows Mommy Best? quiz with 15 questions HOW IT WORKS 1. Buy and download the PDF files (instant download). 2. Print at home in colour or black and white. 3. Play! For personal use. Please do not share or resell the files. Designed and made by Sonneblom. Game text and layouts are original; some content was drafted with the help of AI tools and checked by hand. This is a digital download: nothing will be shipped. Because of the nature of digital files, returns are not accepted, but message me if anything is wrong and I'll fix it.",https://sonneblomdigitaal.co.za/shop/4585546072-who-are-you-most-like-quiz/,https://i.etsystatic.com/63442998/r/il/8ec95d/8648411777/il_fullxfull.8648411777_kmvq.jpg,"https://i.etsystatic.com/63442998/r/il/da42a7/8648411863/il_fullxfull.8648411863_k45q.jpg,https://i.etsystatic.com/63442998/r/il/f8369d/8648411949/il_fullxfull.8648411949_9w13.jpg",1.49 USD,in stock,new,Sonneblom,Printables > Party Games,Arts & Entertainment > Party & Celebration > Party Supplies > Party Games,printable
4585545842,4585545842,How Well Do You Know the Bride? Bridal Shower Quiz,"The classic bridal shower quiz: how well do your guests really know the bride? Elegant sage and blush design. WHAT'S INCLUDED (US Letter + A4): • How Well Do You Know the Bride? quiz with 15 questions HOW IT WORKS 1. Buy and download the PDF files (instant download). 2. Print at home in colour or black and white. 3. Play! For personal use. Please do not share or resell the files. Designed and made by Sonneblom. Game text and layouts are original; some content was drafted with the help of AI tools and checked by hand. This is a digital download: nothing will be shipped. Because of the nature of digital files, returns are not accepted, but message me if anything is wrong and I'll fix it.",https://sonneblomdigitaal.co.za/shop/4585545842-how-well-do-you-know-the-bride-bridal-shower-quiz/,https://i.etsystatic.com/63442998/r/il/a067f6/8648410013/il_fullxfull.8648410013_s47h.jpg,"https://i.etsystatic.com/63442998/r/il/43e415/8648410119/il_fullxfull.8648410119_jhq7.jpg,https://i.etsystatic.com/63442998/r/il/d4a96b/8648410201/il_fullxfull.8648410201_gizz.jpg",1.49 USD,in stock,new,Sonneblom,Printables > Party Games,Arts & Entertainment > Party & Celebration > Party Supplies > Party Games,printable
4585545766,4585545766,"He Said She Said Bridal Shower Game, Printable Bride Groom Questions","Who is more likely: the bride or the groom? Guests guess, then the bride reveals the real answers. A bridal shower favourite. WHAT'S INCLUDED (US Letter + A4): • He Said, She Said game with 20 questions HOW IT WORKS 1. Buy and download the PDF files (instant download). 2. Print at home in colour or black and white. 3. Play! For personal use. Please do not share or resell the files. Designed and made by Sonneblom. Game text and layouts are original; some content was drafted with the help of AI tools and checked by hand. This is a digital download: nothing will be shipped. Because of the nature of digital files, returns are not accepted, but message me if anything is wrong and I'll fix it.",https://sonneblomdigitaal.co.za/shop/4585545766-he-said-she-said-bridal-shower-game/,https://i.etsystatic.com/63442998/r/il/fcab03/8648409589/il_fullxfull.8648409589_4zz1.jpg,"https://i.etsystatic.com/63442998/r/il/1ea72a/8600568454/il_fullxfull.8600568454_lgiz.jpg,https://i.etsystatic.com/63442998/r/il/7ccc76/8600568566/il_fullxfull.8600568566_3tiv.jpg",1.49 USD,in stock,new,Sonneblom,Printables > Party Games,Arts & Entertainment > Party & Celebration > Party Supplies > Party Games,printable
4585540111,4585540111,"Bridal Shower Emoji Pictionary Game, Romantic Movie Guessing","A fun and easy bridal shower game: guess the romantic movie or wedding phrase from the emoji. Elegant sage and blush design. WHAT'S INCLUDED (US Letter + A4): • Bridal emoji pictionary puzzles • Answer key HOW IT WORKS 1. Buy and download the PDF files (instant download). 2. Print at home in colour or black and white. 3. Play! For personal use. Please do not share or resell the files. Designed and made by Sonneblom. Game text and layouts are original; some content was drafted with the help of AI tools and checked by hand. This is a digital download: nothing will be shipped. Because of the nature of digital files, returns are not accepted, but message me if anything is wrong and I'll fix it.",https://sonneblomdigitaal.co.za/shop/4585540111-bridal-shower-emoji-pictionary-game/,https://i.etsystatic.com/63442998/r/il/6a4e3c/8648405419/il_fullxfull.8648405419_6prd.jpg,"https://i.etsystatic.com/63442998/r/il/f5f96b/8648405491/il_fullxfull.8648405491_sig7.jpg,https://i.etsystatic.com/63442998/r/il/43b055/8648405573/il_fullxfull.8648405573_emfa.jpg",1.49 USD,in stock,new,Sonneblom,Printables > Party Games,Arts & Entertainment > Party & Celebration > Party Supplies > Party Games,printable
4585545148,4585545148,"Gender Neutral Baby Shower Emoji Pictionary Game, Sage Green","Guess the nursery rhyme, fairy tale or baby moment from the emoji! A fun, gender-neutral baby shower game in soft sage green. WHAT'S INCLUDED (US Letter + A4): • Baby emoji pictionary puzzles • Answer key HOW IT WORKS 1. Buy and download the PDF files (instant download). 2. Print at home in colour or black and white. 3. Play! For personal use. Please do not share or resell the files. Designed and made by Sonneblom. Game text and layouts are original; some content was drafted with the help of AI tools and checked by hand. This is a digital download: nothing will be shipped. Because of the nature of digital files, returns are not accepted, but message me if anything is wrong and I'll fix it.",https://sonneblomdigitaal.co.za/shop/4585545148-gender-neutral-baby-shower-emoji-pictionary-game/,https://i.etsystatic.com/63442998/r/il/60b3e8/8600563784/il_fullxfull.8600563784_hy3e.jpg,"https://i.etsystatic.com/63442998/r/il/cff281/8600563910/il_fullxfull.8600563910_effw.jpg,https://i.etsystatic.com/63442998/r/il/1cfe6e/8648405081/il_fullxfull.8648405081_dzyh.jpg",1.49 USD,in stock,new,Sonneblom,Printables > Party Games,Arts & Entertainment > Party & Celebration > Party Supplies > Party Games,printable
4585566277,4585566277,"Halloween Murder Mystery Game Printable, Detective Case File, Halloween Party Game for Adults, Solve the Crime, Escape Room","Can you solve the murder at Ravenwood Hall? It's Halloween night, and famous horror novelist Edgar Crane is throwing a costume party at his gothic country house. Witches, a vampire, a werewolf and Frankenstein's Monster fill the halls. Then Edgar is found poisoned in his locked-off Tower Library. Nobody climbed the stairs. Six people had a reason to want him dead. Using real-looking evidence, work out WHO killed him, HOW, WHEN and WHY. This is an original, fully solvable logic mystery. Every clue you need is in the file, and only one answer fits all the evidence. Case File #3 from Sonneblom (you don't need to play the other cases first). WHAT'S INCLUDED (17 pages, US Letter + A4): • How to play + briefing letter from the Chief Inspector • Floor plan of Ravenwood Hall • 6 suspect profiles with motives • 15 exhibits: coroner's and crime scene reports, the burning-candle clue, costume list, pumpkin contest photos, trick-or-treat door camera log, witness statements, a publisher's letter and a coded note • Detective worksheet and timeline • Accusation form • 3 fold-over hint cards • Sealed solution with the full explanation PERFECT FOR A Halloween party, a spooky date night, game night with friends, a gift for a true-crime fan, or a Halloween team activity. Play solo or in teams. Takes about 45 to 90 minutes. HOW IT WORKS 1. Buy and download the PDF (instant download). 2. Print everything except the last two pages (the solution). 3. Investigate, make your accusation, then check the solution. Suitable for adults and teens (12+). No graphic content. For personal use. Please do not share or resell the files. Designed and made by Sonneblom. Game text and layouts are original; some content was drafted with the help of AI tools and checked by hand. This is a digital download: nothing will be shipped. Because of the nature of digital files, returns are not accepted, but message me if anything is wrong and I'll fix it. MORE CASES & SAVE This is one of three Sonneblom case files: Murder at Harrow House (#1), Murder at the Mistletoe Ball (#2, Christmas) and Murder at Ravenwood Hall (#3, Halloween). Get all three in our Detective Case Files bundle and save 33%. See the Mystery Games and Bundle Deals sections of the shop.",https://sonneblomdigitaal.co.za/shop/4585566277-halloween-murder-mystery-game-printable/,https://i.etsystatic.com/63442998/r/il/e5900b/8648623075/il_fullxfull.8648623075_sgf0.jpg,"https://i.etsystatic.com/63442998/r/il/1c3460/8648623193/il_fullxfull.8648623193_o8tg.jpg,https://i.etsystatic.com/63442998/r/il/716f34/8648623319/il_fullxfull.8648623319_ho8p.jpg,https://i.etsystatic.com/63442998/r/il/26873e/8648623435/il_fullxfull.8648623435_ggz3.jpg,https://i.etsystatic.com/63442998/r/il/da6a0e/8600782662/il_fullxfull.8600782662_oix0.jpg,https://i.etsystatic.com/63442998/r/il/5d2582/8600782720/il_fullxfull.8600782720_jv1r.jpg",4.99 USD,in stock,new,Sonneblom,Printables > Party Games,Arts & Entertainment > Party & Celebration > Party Supplies > Party Games,printable
4585553953,4585553953,"Christmas Murder Mystery Game Printable, Detective Case File, Christmas Party Game for Adults, Solve the Crime, Escape Room","Can you solve the murder at the Mistletoe Ball? It's Christmas Eve at Holloway Manor. The family and their guests are dancing at a glittering masked ball when old Cedric Holloway is found dead in his Study. Six people had a reason to want him gone, and every one of them was wearing a mask. Using real-looking evidence, work out WHO killed him, HOW, WHEN and WHY. This is an original, fully solvable logic mystery. Every clue you need is in the file, and only one answer fits all the evidence. Case File #2 from Sonneblom (you don't need to play Case #1 first). WHAT'S INCLUDED (17 pages, US Letter + A4): • How to play + briefing letter from the Chief Inspector • Floor plan of Holloway Manor • 6 suspect profiles with motives, heights and shoe sizes • 15 exhibits: coroner's and crime scene reports, footprints in the snow, door logs, costume rental list, photo booth log, witness statements, a letter and a coded diary entry • Detective worksheet and timeline • Accusation form • 3 fold-over hint cards • Sealed solution with the full explanation PERFECT FOR Christmas Eve with the family, a Christmas party, date night, a gift for a true-crime fan, or a festive team activity. Play solo or in teams. Takes about 45 to 90 minutes. HOW IT WORKS 1. Buy and download the PDF (instant download). 2. Print everything except the last two pages (the solution). 3. Investigate, make your accusation, then check the solution. Suitable for adults and teens (12+). No graphic content. For personal use. Please do not share or resell the files. Designed and made by Sonneblom. Game text and layouts are original; some content was drafted with the help of AI tools and checked by hand. This is a digital download: nothing will be shipped. Because of the nature of digital files, returns are not accepted, but message me if anything is wrong and I'll fix it. MORE CASES & SAVE This is one of three Sonneblom case files: Murder at Harrow House (#1), Murder at the Mistletoe Ball (#2, Christmas) and Murder at Ravenwood Hall (#3, Halloween). Get all three in our Detective Case Files bundle and save 33%. See the Mystery Games and Bundle Deals sections of the shop.",https://sonneblomdigitaal.co.za/shop/4585553953-christmas-murder-mystery-game-printable/,https://i.etsystatic.com/63442998/r/il/6d67a2/8648516947/il_fullxfull.8648516947_3rg9.jpg,"https://i.etsystatic.com/63442998/r/il/a80bba/8600676396/il_fullxfull.8600676396_m4ra.jpg,https://i.etsystatic.com/63442998/r/il/acd6fc/8600676518/il_fullxfull.8600676518_a9jc.jpg,https://i.etsystatic.com/63442998/r/il/bd051a/8648517365/il_fullxfull.8648517365_pqb8.jpg,https://i.etsystatic.com/63442998/r/il/c2b75f/8600676722/il_fullxfull.8600676722_acup.jpg,https://i.etsystatic.com/63442998/r/il/d7fc51/8648517555/il_fullxfull.8648517555_jz19.jpg",4.99 USD,in stock,new,Sonneblom,Printables > Party Games,Arts & Entertainment > Party & Celebration > Party Supplies > Party Games,printable
4585549310,4585549310,"Murder Mystery Game Printable, Detective Case File for Adults, Solve the Crime Logic Puzzle, Escape Room at Home, Date Night Game","Can you solve the murder at Harrow House? Victor Hale, the rich and ruthless owner of the Harrow House Hotel, has been found dead in his Library. The coroner says poison. Six people had a reason to want him gone. Using real-looking evidence, you must work out WHO killed him, HOW, WHEN and WHY. This is an original, fully solvable logic mystery. Every clue you need is in the file, and only one answer fits all the evidence. WHAT'S INCLUDED (18 pages, US Letter + A4): • How to play + briefing letter from the Chief Inspector • Floor plan of the hotel • 6 suspect profiles with motives • 17 exhibits: coroner's report, smartwatch data, key card logs, bar receipts, camera logs, phone records, spa sheet, witness statements, a lawyer's letter and more • A coded note to crack • Detective worksheet with motive / means / opportunity grid and a timeline • Accusation form • 3 fold-over hint cards • Sealed solution page with the full explanation PERFECT FOR Date night, game night with friends, a rainy weekend, a birthday gift for a true-crime fan, or a team-building activity. Play solo or in teams. Takes about 45 to 90 minutes. HOW IT WORKS 1. Buy and download the PDF (instant download). 2. Print everything except the last two pages (the solution). 3. Investigate, make your accusation, then check the solution. Suitable for adults and teens (12+). No graphic content. For personal use. Please do not share or resell the files. Designed and made by Sonneblom. Game text and layouts are original; some content was drafted with the help of AI tools and checked by hand. This is a digital download: nothing will be shipped. Because of the nature of digital files, returns are not accepted, but message me if anything is wrong and I'll fix it. MORE CASES & SAVE This is one of three Sonneblom case files: Murder at Harrow House (#1), Murder at the Mistletoe Ball (#2, Christmas) and Murder at Ravenwood Hall (#3, Halloween). Get all three in our Detective Case Files bundle and save 33%. See the Mystery Games and Bundle Deals sections of the shop.",https://sonneblomdigitaal.co.za/shop/4585549310-murder-mystery-game-printable/,https://i.etsystatic.com/63442998/r/il/5c8112/8648437071/il_fullxfull.8648437071_8y3b.jpg,"https://i.etsystatic.com/63442998/r/il/15d207/8600596332/il_fullxfull.8600596332_caj1.jpg,https://i.etsystatic.com/63442998/r/il/a33ce4/8600596436/il_fullxfull.8600596436_oa39.jpg,https://i.etsystatic.com/63442998/r/il/1e8e4b/8600596514/il_fullxfull.8600596514_6lc6.jpg,https://i.etsystatic.com/63442998/r/il/358903/8648437491/il_fullxfull.8648437491_mnld.jpg,https://i.etsystatic.com/63442998/r/il/5f4551/8648437571/il_fullxfull.8648437571_ajbx.jpg",4.99 USD,in stock,new,Sonneblom,Printables > Party Games,Arts & Entertainment > Party & Celebration > Party Supplies > Party Games,printable
4586634531,4586634531,"100 Printable Sudoku Puzzles and 17 Nonograms, Easy to Expert Logic Puzzles","A big printable logic puzzle pack: 100 Sudoku puzzles in four difficulty levels plus 17 Nonograms (picture logic puzzles), with full answer keys. Every Sudoku has exactly one solution, checked by computer, and can be solved with logic, no guessing. Every Nonogram can be solved line by line and reveals a hidden picture. WHAT'S INCLUDED (89 pages, US Letter + A4): • How to play page • 25 Easy Sudoku • 25 Medium Sudoku • 25 Hard Sudoku • 25 Expert Sudoku • 17 Nonograms (15 x 15 picture puzzles: pumpkins, leaves, a snowman, a Christmas tree and more) • Answer keys for every puzzle Two Sudoku per page with large, clear numbers. One Nonogram per page with big squares that are easy to shade. PERFECT FOR Puzzle lovers, keeping your brain active, quiet time, travel, classrooms, senior centers, or a printable gift. HOW IT WORKS 1. Buy and download the PDFs (instant download). 2. Print the pages you want, as many times as you like for personal use. 3. Solve, then check your answers at the back. This is a digital product. No physical item will be shipped. For personal use. Please do not share or resell the files. Designed and made by Sonneblom. Game text and layouts are original; some content was drafted with the help of AI tools and checked by hand. This is a digital download: nothing will be shipped. Because of the nature of digital files, returns are not accepted, but message me if anything is wrong and I'll fix it.",https://sonneblomdigitaal.co.za/shop/4586634531-100-printable-sudoku-puzzles-and-17-nonograms/,https://i.etsystatic.com/63442998/r/il/c497b0/8656895227/il_fullxfull.8656895227_jbuy.jpg,"https://i.etsystatic.com/63442998/r/il/a892a2/8609065194/il_fullxfull.8609065194_drra.jpg,https://i.etsystatic.com/63442998/r/il/95dca9/8656895555/il_fullxfull.8656895555_71st.jpg,https://i.etsystatic.com/63442998/r/il/efc600/8609065550/il_fullxfull.8609065550_hxax.jpg,https://i.etsystatic.com/63442998/r/il/c06fbe/8656895797/il_fullxfull.8656895797_hrvy.jpg",3.49 USD,in stock,new,Sonneblom,Printables > Puzzles,Media > Books > Print Books,printable
4585661564,4585661564,"Large Print Activity Pack for Seniors, Trivia, Word Search & Memory Games","Gentle, fun brain games in big, clear print for older adults. Perfect for a loved one at home, a one-to-one visit, or a group activity in assisted living or a senior center. WHAT'S INCLUDED (32 pages, US Letter + A4): • Nostalgia trivia (20 questions) • Finish the saying (20 well-known sayings) • Famous pairs: salt and pepper, rock and roll... (20) • 6 large print word searches (11 x 11 grids with big letters): garden, kitchen, seaside, house, birds, weather • Word scrambles (20 everyday words) • Name Five (10 prompts, no wrong answers) • This or That (12 fun choices) • 16 Memory Lane conversation cards • Answer keys for everything Large print throughout (about 16-22 pt), high contrast, and lots of space to write. Word searches only go across, down or diagonally, so they are relaxing, not frustrating. GREAT FOR Activity directors, caregivers, memory care, family visits, and grandparents who love puzzles. A thoughtful gift for someone in hospital or recovering at home. HOW IT WORKS 1. Buy and download the PDF files (instant download). 2. Print as many copies as you need. 3. Enjoy together, then check the answer keys. For personal use, or for use with the residents of a single care home or center. Please do not share or resell the files. Designed and made by Sonneblom. Game text and layouts are original; some content was drafted with the help of AI tools and checked by hand. This is a digital download: nothing will be shipped. Because of the nature of digital files, returns are not accepted, but message me if anything is wrong and I'll fix it.",https://sonneblomdigitaal.co.za/shop/4585661564-large-print-activity-pack-for-seniors/,https://i.etsystatic.com/63442998/r/il/11cdc3/8649355253/il_fullxfull.8649355253_9lff.jpg,"https://i.etsystatic.com/63442998/r/il/4fdf4d/8601514116/il_fullxfull.8601514116_2clr.jpg,https://i.etsystatic.com/63442998/r/il/03a8ab/8649355589/il_fullxfull.8649355589_l3i4.jpg,https://i.etsystatic.com/63442998/r/il/fe51ee/8601514316/il_fullxfull.8601514316_8hkv.jpg,https://i.etsystatic.com/63442998/r/il/1050cf/8601514548/il_fullxfull.8601514548_pcne.jpg,https://i.etsystatic.com/63442998/r/il/d0360b/8601514644/il_fullxfull.8601514644_so0d.jpg",3.49 USD,in stock,new,Sonneblom,Printables > Puzzles,Toys & Games > Toys > Educational Toys,printable
4585014784,4585014784,"640 Large Print Word Search Puzzles, Christmas, Bible, 1960s, 1970s, Dogs, Gardening","640 themed word search puzzles in extra-large print, ready to print at home. Perfect for seniors, adults, care homes, activity coordinators and anyone who loves a relaxing puzzle. WHAT'S INCLUDED: 4 PDF books, 812 pages • Holiday & Faith: 100 Christmas puzzles + 100 Bible puzzles • The Good Old Days: 100 ""Growing Up in the 1960s"" + 100 ""Growing Up in the 1970s"" puzzles • Pets & Garden: 80 Dog Lovers puzzles + 80 Gardening puzzles • Nurses & Healthcare: 80 puzzles • Solutions for every puzzle at the back of each book EASY ON THE EYES • One puzzle per page with big, bold letters • Large word lists with tick boxes • Words run across, down and diagonally (never backwards) • Every puzzle has its own theme, so the word list tells a little story HOW IT WORKS 1. Buy and download the 4 PDF files (instant download). 2. Print the whole book or only the pages you want. US Letter size; for A4 choose ""fit to page"". 3. Grab a pen and enjoy! Great as a printable gift: print and bind at a copy shop for grandparents, residents or patients. For personal use and use with your own residents, clients or class. Please do not share or resell the files. Designed and made by Sonneblom. Game text and layouts are original; some content was drafted with the help of AI tools and checked by hand. This is a digital download: nothing will be shipped. Because of the nature of digital files, returns are not accepted, but message me if anything is wrong and I'll fix it.",https://sonneblomdigitaal.co.za/shop/4585014784-640-large-print-word-search-puzzles/,https://i.etsystatic.com/63442998/r/il/111e3c/8644435193/il_fullxfull.8644435193_e2iz.jpg,"https://i.etsystatic.com/63442998/r/il/28142c/8644435311/il_fullxfull.8644435311_921u.jpg,https://i.etsystatic.com/63442998/r/il/549fd9/8644435325/il_fullxfull.8644435325_qrlz.jpg,https://i.etsystatic.com/63442998/r/il/d76103/8644435361/il_fullxfull.8644435361_hat3.jpg,https://i.etsystatic.com/63442998/r/il/dd1f49/8596592652/il_fullxfull.8596592652_6i1r.jpg,https://i.etsystatic.com/63442998/r/il/cd29d9/8644435165/il_fullxfull.8644435165_ah01.jpg",2.99 USD,in stock,new,Sonneblom,Printables > Puzzles,Media > Books > Print Books,printable
4585653028,4585653028,"Budget Planner Printable with Savings Challenges, 100 Envelope & Debt Tracker","Take control of your money with a simple, calm printable budget planner and six savings challenges. Amounts have no currency symbol, so it works in dollars, pounds, euros, rand or any currency. WHAT'S INCLUDED (19 pages, US Letter + A4): • Money goals • Year at a glance: monthly totals • Monthly budget: income, bills, variable spending, savings, debt and a summary • 12-month bill tracker • Expense tracker • Subscriptions & memberships tracker • Debt snowball planner + payment log • Debt payoff tracker (6 debts, colour in every 10% paid) • Savings goals (4 goals with colour-in progress bars) • Sinking funds (9 funds: Christmas, car repairs, holiday and more) • Net worth tracker • SAVINGS CHALLENGES: 52-week challenge (1,378), 100 envelope challenge (5,050), 1,000 challenge, 5,000 challenge, custom challenge and a 30-day no-spend challenge • Lined notes page HOW IT WORKS 1. Buy and download the PDF files (instant download). 2. Print the pages you need. Print a new monthly budget each month. 3. Fill it in, colour in your progress, and watch your savings grow. Tip: pop the pages into sheet protectors and use a dry-erase marker to reuse them. For personal use. Please do not share or resell the files. Designed and made by Sonneblom. Game text and layouts are original; some content was drafted with the help of AI tools and checked by hand. This is a digital download: nothing will be shipped. Because of the nature of digital files, returns are not accepted, but message me if anything is wrong and I'll fix it.",https://sonneblomdigitaal.co.za/shop/4585653028-budget-planner-printable-with-savings-challenges/,https://i.etsystatic.com/63442998/r/il/4e9ff3/8649286381/il_fullxfull.8649286381_t2ws.jpg,"https://i.etsystatic.com/63442998/r/il/e5fdc5/8601444752/il_fullxfull.8601444752_4zuw.jpg,https://i.etsystatic.com/63442998/r/il/dce51a/8649286611/il_fullxfull.8649286611_sszv.jpg,https://i.etsystatic.com/63442998/r/il/ea2179/8649286733/il_fullxfull.8649286733_bvd2.jpg,https://i.etsystatic.com/63442998/r/il/e491fd/8649286845/il_fullxfull.8649286845_81p6.jpg,https://i.etsystatic.com/63442998/r/il/ce90c1/8649286951/il_fullxfull.8649286951_qzb9.jpg,https://i.etsystatic.com/63442998/r/il/db99fc/8649287041/il_fullxfull.8649287041_k33j.jpg",3.49 USD,in stock,new,Sonneblom,Printables > Planners,"Office Supplies > Filing & Organization > Calendars, Organizers & Planners",printable
4585573154,4585573154,"2026 Christmas Planner Printable, Holiday Budget, Gift Tracker, Menu","Take the stress out of Christmas with a calm, organised printable holiday planner. Dated for Christmas 2026, with Sunday-start and Monday-start calendars in US Letter and A4. WHAT'S INCLUDED (23 pages in each PDF): • Cover page • Christmas countdown: a week-by-week to-do checklist from early November to Christmas Eve • November 2026 and December 2026 calendars (dated, with key holidays and a days-to-go countdown) • Christmas budget with 12 categories • Gift tracker (3 pages): budget, spent, bought, wrapped, given • Gift ideas page • Stockings & Secret Santa planner • Christmas card list (2 pages) • Holiday events planner • Christmas Day menu • Christmas Day cooking timeline + make-ahead list • Holiday shopping list by aisle • Christmas baking planner + recipe page • Decorating plan, room by room • 25 advent activity ideas for families • Letter to Santa for kids • Thank-you tracker • Christmas memories page • Lined notes page HOW IT WORKS 1. Buy and download the 4 PDF files (instant download). 2. Print the pages you need, as many times as you like. 3. Hole-punch into a binder or clip together, and start planning. Tip: print extra gift tracker and card list pages if you have a big family. For personal use. Please do not share or resell the files. Designed and made by Sonneblom. Game text and layouts are original; some content was drafted with the help of AI tools and checked by hand. This is a digital download: nothing will be shipped. Because of the nature of digital files, returns are not accepted, but message me if anything is wrong and I'll fix it.",https://sonneblomdigitaal.co.za/shop/4585573154-2026-christmas-planner-printable/,https://i.etsystatic.com/63442998/r/il/894d97/8648638637/il_fullxfull.8648638637_akje.jpg,"https://i.etsystatic.com/63442998/r/il/c3b2c7/8600797442/il_fullxfull.8600797442_9e0k.jpg,https://i.etsystatic.com/63442998/r/il/c3879e/8600797518/il_fullxfull.8600797518_76zc.jpg,https://i.etsystatic.com/63442998/r/il/f5c6ad/8648638923/il_fullxfull.8648638923_8z5g.jpg,https://i.etsystatic.com/63442998/r/il/000823/8600797726/il_fullxfull.8600797726_3vt0.jpg,https://i.etsystatic.com/63442998/r/il/c136f0/8600797856/il_fullxfull.8600797856_49tj.jpg,https://i.etsystatic.com/63442998/r/il/658a75/8600797964/il_fullxfull.8600797964_7zcv.jpg",3.49 USD,in stock,new,Sonneblom,Printables > Planners,"Office Supplies > Filing & Organization > Calendars, Organizers & Planners",printable
4585547386,4585547386,"Printable Reading Journal, Book Tracker, TBR List, Book Review Pages","A cosy, printable reading journal for book lovers. Track every book you read, review your favourites, plan your TBR and colour in your own bookshelf as the year goes by. WHAT'S INCLUDED (24 pages in each PDF): • Cover page • My reading goals • Reading challenge: 52 fun prompts (a book a week) • My bookshelf: colour a spine for every book you finish • 365 days of reading tracker • Genre tracker • Books I've read log: 100 books with star ratings (4 pages) • To Be Read lists (2 pages) • Book review pages in 2 layouts • Series tracker • Monthly wrap-up • Favourite quotes • Book club notes • Library loans tracker • Books to buy wish list • Did Not Finish list • Year in books stats • 4 printable bookmarks YOU WILL RECEIVE 3 PDF FILES • US Letter (8.5 x 11 in) • A4 • A5 (fits A5 planners and binders) HOW IT WORKS 1. Buy and download the PDF files (instant download). 2. Print at home or at a print shop. Print the review, TBR and wrap-up pages as often as you like. 3. Bind in a folder, a disc-bound notebook or an A5 ring planner. Undated, so you can start any time. Warm cream, terracotta and sage colours that also look lovely printed in black and white. For personal use. Please do not share or resell the files. Designed and made by Sonneblom. Game text and layouts are original; some content was drafted with the help of AI tools and checked by hand. This is a digital download: nothing will be shipped. Because of the nature of digital files, returns are not accepted, but message me if anything is wrong and I'll fix it. SAVE WITH A BUNDLE This product is also part of our 2027 Get Organised Bundle, with up to 50% off. See the Bundle Deals section of the Sonneblom shop.",https://sonneblomdigitaal.co.za/shop/4585547386-printable-reading-journal/,https://i.etsystatic.com/63442998/r/il/557506/8648421941/il_fullxfull.8648421941_r3y1.jpg,"https://i.etsystatic.com/63442998/r/il/4feb7c/8600580850/il_fullxfull.8600580850_o5uj.jpg,https://i.etsystatic.com/63442998/r/il/d4d19b/8600580980/il_fullxfull.8600580980_3uyd.jpg,https://i.etsystatic.com/63442998/r/il/4cb3d8/8648422195/il_fullxfull.8648422195_109z.jpg,https://i.etsystatic.com/63442998/r/il/318b0b/8648422245/il_fullxfull.8648422245_i4a6.jpg,https://i.etsystatic.com/63442998/r/il/8e6556/8648422331/il_fullxfull.8648422331_fu7t.jpg,https://i.etsystatic.com/63442998/r/il/3f4247/8648422449/il_fullxfull.8648422449_fv28.jpg",3.49 USD,in stock,new,Sonneblom,Printables > Planners,"Office Supplies > Filing & Organization > Calendars, Organizers & Planners",printable
4585534207,4585534207,"2027 Minimalist Planner, Dated Monthly, Weekly, Daily","Start 2027 organised with a calm, minimalist printable planner. Fully dated for 2027, with Sunday-start and Monday-start versions in US Letter and A4. WHAT'S INCLUDED (37 pages in each PDF): • Cover page • 2027 at a glance + 2028 at a glance • My Year in a Word: vision page (start, stop, places to go, things to learn) • 2027 Goals in 6 life areas • Birthdays & important dates • 2027 habit & mood tracker (year in pixels) • 12 dated monthly calendars with focus and notes columns • 12 monthly plan pages: priorities, to-do, 31-day habit tracker, wins and next month • Undated weekly planner • Undated daily planner with hourly schedule, top 3, to-do and water tracker • Monthly budget • Weekly meal plan with grocery list • Dot grid and lined notes pages YOU WILL RECEIVE 4 PDF FILES • US Letter, Sunday start • US Letter, Monday start • A4, Sunday start • A4, Monday start HOW IT WORKS 1. Buy and download the PDF files (instant download). 2. Print at home or at a print shop. Print the weekly, daily, budget and meal pages as many times as you like. 3. Hole-punch into a binder, or use a disc binding system. Soft sage green and sand colours that print well at home and look lovely in black and white too. For personal use. Please do not share or resell the files. Designed and made by Sonneblom. Game text and layouts are original; some content was drafted with the help of AI tools and checked by hand. This is a digital download: nothing will be shipped. Because of the nature of digital files, returns are not accepted, but message me if anything is wrong and I'll fix it. SAVE WITH A BUNDLE This product is also part of our 2027 Get Organised Bundle, with up to 50% off. See the Bundle Deals section of the Sonneblom shop.",https://sonneblomdigitaal.co.za/shop/4585534207-2027-minimalist-planner/,https://i.etsystatic.com/63442998/r/il/c50bd3/8600514038/il_fullxfull.8600514038_45sv.jpg,"https://i.etsystatic.com/63442998/r/il/113daf/8648355513/il_fullxfull.8648355513_4ze5.jpg,https://i.etsystatic.com/63442998/r/il/0de580/8648355659/il_fullxfull.8648355659_mt61.jpg,https://i.etsystatic.com/63442998/r/il/213813/8648355775/il_fullxfull.8648355775_ayh1.jpg,https://i.etsystatic.com/63442998/r/il/9592ee/8648355849/il_fullxfull.8648355849_mq6p.jpg,https://i.etsystatic.com/63442998/r/il/dfc985/8648355997/il_fullxfull.8648355997_xjrd.jpg,https://i.etsystatic.com/63442998/r/il/51663e/8600514716/il_fullxfull.8600514716_d6k6.jpg",3.49 USD,in stock,new,Sonneblom,Printables > Planners,"Office Supplies > Filing & Organization > Calendars, Organizers & Planners",printable
4585649299,4585649299,"2027 Habit Tracker Printable, Monthly & Weekly Tracker, Year in Pixels","Build better habits in 2027, one tick at a time. A clean, minimalist printable habit tracker with 12 dated monthly trackers and everything you need to stay on track. WHAT'S INCLUDED (20 pages, US Letter + A4): • Habit ideas: 42 ideas for health, mind, home, money, people and self-care • 2027 in Pixels mood tracker • 12 dated monthly habit trackers for 2027 (January to December), each with 16 habit rows, weekday letters and goal & reward boxes • Undated monthly habit tracker (use it any year) • Weekly habit tracker • 30-day challenges (6 per page) • Sleep & water tracker • Monthly review page HOW IT WORKS 1. Buy and download the PDF files (instant download). 2. Print the months you need. 3. Tick off your habits each day and review at the end of the month. Great for New Year's resolutions, goal setting, bullet journal fans and planner inserts. For personal use. Please do not share or resell the files. Designed and made by Sonneblom. Game text and layouts are original; some content was drafted with the help of AI tools and checked by hand. This is a digital download: nothing will be shipped. Because of the nature of digital files, returns are not accepted, but message me if anything is wrong and I'll fix it. SAVE WITH A BUNDLE This product is also part of our 2027 Get Organised Bundle, with up to 50% off. See the Bundle Deals section of the Sonneblom shop.",https://sonneblomdigitaal.co.za/shop/4585649299-2027-habit-tracker-printable/,https://i.etsystatic.com/63442998/r/il/606797/8601457818/il_fullxfull.8601457818_g1z1.jpg,"https://i.etsystatic.com/63442998/r/il/de0ce0/8601457946/il_fullxfull.8601457946_p10o.jpg,https://i.etsystatic.com/63442998/r/il/ee7d9a/8601458054/il_fullxfull.8601458054_2mvn.jpg,https://i.etsystatic.com/63442998/r/il/a12cf7/8601458174/il_fullxfull.8601458174_2ugx.jpg,https://i.etsystatic.com/63442998/r/il/9ddfcb/8649299905/il_fullxfull.8649299905_rrg6.jpg,https://i.etsystatic.com/63442998/r/il/58ac91/8649300035/il_fullxfull.8649300035_btme.jpg",2.99 USD,in stock,new,Sonneblom,Printables > Planners,"Office Supplies > Filing & Organization > Calendars, Organizers & Planners",printable
4585653838,4585653838,"Meal Planner Printable with Grocery List, Weekly Menu & Pantry Inventory","Plan your week, shop smarter and stop asking ""what's for dinner?"". A clean, simple printable meal planner that you can print again and again. WHAT'S INCLUDED (13 pages, US Letter + A4): • Weekly meal plan with grocery list and prep list (Monday start and Sunday start) • Monthly dinner plan (undated) • Grocery list sorted by aisle (12 sections) • Meal prep planner + prep log • Meal ideas bank (quick, slow cooker, meat-free, budget, freezer-friendly and more) • Pantry inventory • Fridge & freezer inventory • Grocery budget tracker • Recipe index • 2 recipe pages HOW IT WORKS 1. Buy and download the PDF files (instant download). 2. Print a weekly plan and grocery list each week. 3. Stick it on the fridge and enjoy easier dinners. Tip: put the pages in sheet protectors and use a dry-erase marker to reuse them. For personal use. Please do not share or resell the files. Designed and made by Sonneblom. Game text and layouts are original; some content was drafted with the help of AI tools and checked by hand. This is a digital download: nothing will be shipped. Because of the nature of digital files, returns are not accepted, but message me if anything is wrong and I'll fix it.",https://sonneblomdigitaal.co.za/shop/4585653838-meal-planner-printable-with-grocery-list/,https://i.etsystatic.com/63442998/r/il/858e3d/8601450794/il_fullxfull.8601450794_dojv.jpg,"https://i.etsystatic.com/63442998/r/il/248388/8649292695/il_fullxfull.8649292695_eg17.jpg,https://i.etsystatic.com/63442998/r/il/978791/8601451022/il_fullxfull.8601451022_dyl4.jpg,https://i.etsystatic.com/63442998/r/il/772d4a/8601451160/il_fullxfull.8601451160_hfac.jpg,https://i.etsystatic.com/63442998/r/il/725510/8649293033/il_fullxfull.8649293033_mv9c.jpg,https://i.etsystatic.com/63442998/r/il/4a6e5a/8649293141/il_fullxfull.8649293141_8aa7.jpg",2.99 USD,in stock,new,Sonneblom,Printables > Planners,"Office Supplies > Filing & Organization > Calendars, Organizers & Planners",printable
4585545267,4585545267,"ADHD-Friendly Cleaning Checklists, Room-by-Room Schedule, Declutter Challenge","A calmer, cleaner home, one small job at a time. Clear checklists, easy routines and bite-size task cards that make cleaning less overwhelming, especially if you have ADHD or a busy family life. WHAT'S INCLUDED (18 pages, US Letter + A4): • 8 room-by-room checklists with daily, weekly and monthly jobs: kitchen, bathroom, bedroom, living room, laundry, entryway, kids' room and home office • Daily reset routine: a 15-minute morning list and a 20-minute evening list • Weekly cleaning schedule: one zone a day • Monthly deep clean checklist • 30-day declutter challenge • 48 quick clean task cards, each with a time estimate (1 to 10 minutes) • Blank checklist to make your own HOW TO USE 1. Buy and download the PDF files (instant download). 2. Print the pages you need. 3. Laminate them or pop them in plastic sleeves and use a dry-erase marker, so you can tick them off again and again. 4. Keep the task cards in a jar. When you're stuck, pull one out and just do that job. For personal use. Please do not share or resell the files. Designed and made by Sonneblom. Game text and layouts are original; some content was drafted with the help of AI tools and checked by hand. This is a digital download: nothing will be shipped. Because of the nature of digital files, returns are not accepted, but message me if anything is wrong and I'll fix it. SAVE WITH A BUNDLE This product is also part of our 2027 Get Organised Bundle, with up to 50% off. See the Bundle Deals section of the Sonneblom shop.",https://sonneblomdigitaal.co.za/shop/4585545267-adhd-friendly-cleaning-checklists/,https://i.etsystatic.com/63442998/r/il/b4b34f/8648446005/il_fullxfull.8648446005_lc42.jpg,"https://i.etsystatic.com/63442998/r/il/2b60fd/8600605160/il_fullxfull.8600605160_nd4b.jpg,https://i.etsystatic.com/63442998/r/il/ccfe56/8600605266/il_fullxfull.8600605266_68l5.jpg,https://i.etsystatic.com/63442998/r/il/1bac65/8648446287/il_fullxfull.8648446287_d8is.jpg,https://i.etsystatic.com/63442998/r/il/fe7f1a/8600605424/il_fullxfull.8600605424_rcp0.jpg,https://i.etsystatic.com/63442998/r/il/63fd3f/8648446481/il_fullxfull.8648446481_dfm5.jpg,https://i.etsystatic.com/63442998/r/il/d2b9ab/8600605666/il_fullxfull.8600605666_p51o.jpg",2.49 USD,in stock,new,Sonneblom,Printables > Planners,"Office Supplies > Filing & Organization > Calendars, Organizers & Planners",printable
4585013399,4585013399,"Monthly Budget Planner Spreadsheet, Auto-Calculating, Debt Payoff Tracker","Take control of your money with an easy budget spreadsheet that does the maths for you. Works in Google Sheets and Microsoft Excel (also Numbers and LibreOffice). WHAT'S INCLUDED • Start Here guide with step-by-step instructions • Setup tab: your currency, income sources and up to 30 spending categories with monthly budgets • 12 monthly budget tabs: planned vs. actual income, a transaction log with category drop-downs, and a category table showing budget, spent and remaining (overspending turns red) • Annual Overview: income, spending, left over and savings rate for every month, plus spending by category for the whole year and a chart • Savings Goals: progress for up to 12 goals and how much to save each month to reach them on time • Debt Payoff calculator: months left, payoff date and total interest for each debt • Monthly Bills tracker with a paid tick for every month • Paycheck Planner for weekly or biweekly pay • Two colour versions: Sage green and Blush pink HOW IT WORKS 1. Download the .xlsx file. 2. Google Sheets: upload it to Google Drive, open it and choose File > Save as Google Sheets. Excel: just open it. 3. Type in your income and budgets once, then log your spending as you go. Everything else updates automatically. Example numbers are included to show how it works; simply type over them. For personal use. Please do not share or resell the file. Designed and made by Sonneblom. Game text and layouts are original; some content was drafted with the help of AI tools and checked by hand. This is a digital download: nothing will be shipped. Because of the nature of digital files, returns are not accepted, but message me if anything is wrong and I'll fix it. SAVE WITH A BUNDLE This product is also part of our 2027 Get Organised Bundle, with up to 50% off. See the Bundle Deals section of the Sonneblom shop.",https://sonneblomdigitaal.co.za/shop/4585013399-monthly-budget-planner-spreadsheet/,https://i.etsystatic.com/63442998/r/il/c00bc7/8596613168/il_fullxfull.8596613168_nx05.jpg,"https://i.etsystatic.com/63442998/r/il/d51563/8596613198/il_fullxfull.8596613198_glk0.jpg,https://i.etsystatic.com/63442998/r/il/4479eb/8596613052/il_fullxfull.8596613052_ifpv.jpg,https://i.etsystatic.com/63442998/r/il/eaf5e2/8644455243/il_fullxfull.8644455243_rmyc.jpg,https://i.etsystatic.com/63442998/r/il/649f57/8644455271/il_fullxfull.8644455271_gtpp.jpg,https://i.etsystatic.com/63442998/r/il/2af169/8644455411/il_fullxfull.8644455411_7c3s.jpg,https://i.etsystatic.com/63442998/r/il/c5d8b5/8596613214/il_fullxfull.8596613214_o2lc.jpg",1.99 USD,in stock,new,Sonneblom,Printables > Planners,"Office Supplies > Filing & Organization > Calendars, Organizers & Planners",printable
4587079883,4587079883,"Home Is Where the Braai Is Doormat, South African Gift","Home is where the braai is. A welcome mat for every South African home, wherever it is. Part of Sonneblom, our line of Afrikaans and South African heritage gifts, made for South Africans at home and all over the world. Printed to order by our production partner and shipped to your door; delivery time and shipping cost depend on where you live and are shown at checkout.",https://sonneblomdigitaal.co.za/shop/4587079883-home-is-where-the-braai-is-doormat/,https://i.etsystatic.com/63442998/r/il/2dc863/8612469152/il_fullxfull.8612469152_dh8a.jpg,"https://i.etsystatic.com/63442998/r/il/ba28e4/8660297955/il_fullxfull.8660297955_r87d.jpg,https://i.etsystatic.com/63442998/r/il/71c8d8/8660298991/il_fullxfull.8660298991_jwjn.jpg,https://i.etsystatic.com/63442998/r/il/89e72c/8612469796/il_fullxfull.8612469796_c303.jpg",39.99 USD,in stock,new,Sonneblom,Gifts,Home & Garden > Decor > Door Mats,gift
4587081125,4587081125,"South African Winter Hoodie, Funny Saffas Gift, Just Not South Africa","It's not cold. It's just not South Africa. A hoodie for Saffas surviving their first northern winter. Part of Sonneblom, our line of Afrikaans and South African heritage gifts, made for South Africans at home and all over the world. Printed to order by our production partner and shipped to your door; delivery time and shipping cost depend on where you live and are shown at checkout.",https://sonneblomdigitaal.co.za/shop/4587081125-it-s-not-cold-it-s-just-not-south-africa-funny-hoodie/,https://i.etsystatic.com/63442998/r/il/95f7b0/8612479610/il_fullxfull.8612479610_mbmz.jpg,"https://i.etsystatic.com/63442998/r/il/c4e95f/8612477798/il_fullxfull.8612477798_60d2.jpg,https://i.etsystatic.com/63442998/r/il/a4c2ce/8660308739/il_fullxfull.8660308739_ps00.jpg,https://i.etsystatic.com/63442998/r/il/4cf7d2/8612478722/il_fullxfull.8612478722_er7f.jpg,https://i.etsystatic.com/63442998/r/il/8fa453/8660309715/il_fullxfull.8660309715_enrc.jpg,https://i.etsystatic.com/63442998/r/il/b08dfd/8660310701/il_fullxfull.8660310701_i1ms.jpg",38.99 USD,in stock,new,Sonneblom,Gifts,Apparel & Accessories > Clothing > Shirts & Tops,gift
4587080715,4587080715,"Will Work for Biltong Braai Apron, South African Gift","Will work for biltong. A braai apron for the one at the fire. Part of Sonneblom, our line of Afrikaans and South African heritage gifts, made for South Africans at home and all over the world. Printed to order by our production partner and shipped to your door; delivery time and shipping cost depend on where you live and are shown at checkout.",https://sonneblomdigitaal.co.za/shop/4587080715-will-work-for-biltong-braai-apron/,https://i.etsystatic.com/63442998/r/il/029cd4/8660305251/il_fullxfull.8660305251_daj1.jpg,https://i.etsystatic.com/63442998/r/il/fe9342/8660305753/il_fullxfull.8660305753_hakz.jpg,34.99 USD,in stock,new,Sonneblom,Gifts,Home & Garden > Kitchen & Dining > Kitchen Tools & Utensils > Aprons,gift
4587027379,4587027379,"South African Braai Apron, BBQ Gift for Dad, Afrikaans Heritage Gift","It's not a BBQ, it's a braai. For the South African who runs the fire, wherever in the world it is lit. Part of Sonneblom, our line of Afrikaans and South African heritage gifts, made for South Africans at home and all over the world. Printed to order by our production partner and shipped to your door; delivery time and shipping cost depend on where you live and are shown at checkout.",https://sonneblomdigitaal.co.za/shop/4587027379-it-s-not-a-bbq-it-s-a-braai-apron/,https://i.etsystatic.com/63442998/r/il/5e42d4/8659883989/il_fullxfull.8659883989_3eck.jpg,https://i.etsystatic.com/63442998/r/il/2cb247/8659884445/il_fullxfull.8659884445_n26u.jpg,34.99 USD,in stock,new,Sonneblom,Gifts,Home & Garden > Kitchen & Dining > Kitchen Tools & Utensils > Aprons,gift
4587084786,4587084786,"Ho Ho Howzit Christmas Sweatshirt, South African Gift","Ho Ho Howzit! A South African Christmas jumper for braai-side carols and snowy Christmases far from home. Part of Sonneblom, our line of Afrikaans and South African heritage gifts, made for South Africans at home and all over the world. Printed to order by our production partner and shipped to your door; delivery time and shipping cost depend on where you live and are shown at checkout.",https://sonneblomdigitaal.co.za/shop/4587084786-ho-ho-howzit-christmas-sweatshirt/,https://i.etsystatic.com/63442998/r/il/5182d0/8660298833/il_fullxfull.8660298833_36rb.jpg,"https://i.etsystatic.com/63442998/r/il/9aaabc/8612466754/il_fullxfull.8612466754_4qpt.jpg,https://i.etsystatic.com/63442998/r/il/1fa883/8612467228/il_fullxfull.8612467228_l6oc.jpg,https://i.etsystatic.com/63442998/r/il/a55d58/8660298237/il_fullxfull.8660298237_n4kg.jpg,https://i.etsystatic.com/63442998/r/il/ecd3f8/8660299365/il_fullxfull.8660299365_8y06.jpg,https://i.etsystatic.com/63442998/r/il/07a345/8612469334/il_fullxfull.8612469334_6o6e.jpg",32.99 USD,in stock,new,Sonneblom,Gifts,Apparel & Accessories > Clothing > Shirts & Tops,gift
4587032112,4587032112,"Ubuntu Sweatshirt, South African Crewneck, Saffa Gift","A cosy Ubuntu crewneck for South Africans facing a northern-hemisphere winter. Part of Sonneblom, our line of Afrikaans and South African heritage gifts, made for South Africans at home and all over the world. Printed to order by our production partner and shipped to your door; delivery time and shipping cost depend on where you live and are shown at checkout.",https://sonneblomdigitaal.co.za/shop/4587032112-ubuntu-sweatshirt/,https://i.etsystatic.com/63442998/r/il/ff80e9/8659885345/il_fullxfull.8659885345_bh39.jpg,"https://i.etsystatic.com/63442998/r/il/696c84/8612053254/il_fullxfull.8612053254_1tb8.jpg,https://i.etsystatic.com/63442998/r/il/3f8079/8612053674/il_fullxfull.8612053674_a0hm.jpg,https://i.etsystatic.com/63442998/r/il/4b896e/8612054116/il_fullxfull.8612054116_88o8.jpg,https://i.etsystatic.com/63442998/r/il/aa4746/8659884501/il_fullxfull.8659884501_oxyz.jpg,https://i.etsystatic.com/63442998/r/il/d3654d/8612055004/il_fullxfull.8612055004_kofx.jpg",32.99 USD,in stock,new,Sonneblom,Gifts,Apparel & Accessories > Clothing > Shirts & Tops,gift
4587027243,4587027243,"Howzit Dictionary Sweatshirt, South African Crewneck, Saffa Gift","A cosy Howzit Dictionary crewneck for South Africans facing a northern-hemisphere winter. Part of Sonneblom, our line of Afrikaans and South African heritage gifts, made for South Africans at home and all over the world. Printed to order by our production partner and shipped to your door; delivery time and shipping cost depend on where you live and are shown at checkout.",https://sonneblomdigitaal.co.za/shop/4587027243-howzit-dictionary-sweatshirt/,https://i.etsystatic.com/63442998/r/il/75487c/8659884585/il_fullxfull.8659884585_1w6p.jpg,"https://i.etsystatic.com/63442998/r/il/8c94db/8659882913/il_fullxfull.8659882913_qe4w.jpg,https://i.etsystatic.com/63442998/r/il/762f27/8612053300/il_fullxfull.8612053300_122w.jpg,https://i.etsystatic.com/63442998/r/il/2b14f8/8659883785/il_fullxfull.8659883785_16rx.jpg,https://i.etsystatic.com/63442998/r/il/1aa8e6/8659884201/il_fullxfull.8659884201_5ztl.jpg,https://i.etsystatic.com/63442998/r/il/68a33c/8659885357/il_fullxfull.8659885357_8jlb.jpg",32.99 USD,in stock,new,Sonneblom,Gifts,Apparel & Accessories > Clothing > Shirts & Tops,gift
4587032016,4587032016,"Lekker Sweatshirt, South African Crewneck, Saffa Gift","A cosy Lekker crewneck for South Africans facing a northern-hemisphere winter. Part of Sonneblom, our line of Afrikaans and South African heritage gifts, made for South Africans at home and all over the world. Printed to order by our production partner and shipped to your door; delivery time and shipping cost depend on where you live and are shown at checkout.",https://sonneblomdigitaal.co.za/shop/4587032016-lekker-sweatshirt/,https://i.etsystatic.com/63442998/r/il/13e169/8659883717/il_fullxfull.8659883717_a02s.jpg,"https://i.etsystatic.com/63442998/r/il/1b0482/8659882543/il_fullxfull.8659882543_46cq.jpg,https://i.etsystatic.com/63442998/r/il/bcd0a7/8659882899/il_fullxfull.8659882899_kuni.jpg,https://i.etsystatic.com/63442998/r/il/776327/8659883259/il_fullxfull.8659883259_6cd5.jpg,https://i.etsystatic.com/63442998/r/il/1f98ad/8612054106/il_fullxfull.8612054106_4dxs.jpg,https://i.etsystatic.com/63442998/r/il/0863eb/8659884503/il_fullxfull.8659884503_smaw.jpg",32.99 USD,in stock,new,Sonneblom,Gifts,Apparel & Accessories > Clothing > Shirts & Tops,gift
4587031912,4587031912,"Sunflower Gogo Mug, South African Heritage Gift, Afrikaans Coffee Cup","For the best Gogo in the world. A sunflower mug for South African families everywhere. Part of Sonneblom, our line of Afrikaans and South African heritage gifts, made for South Africans at home and all over the world. Printed to order by our production partner and shipped to your door; delivery time and shipping cost depend on where you live and are shown at checkout.",https://sonneblomdigitaal.co.za/shop/4587031912-world-s-best-gogo-mug/,https://i.etsystatic.com/63442998/r/il/8cb647/8659881829/il_fullxfull.8659881829_2p60.jpg,,15.99 USD,in stock,new,Sonneblom,Gifts,Home & Garden > Kitchen & Dining > Tableware > Drinkware > Mugs,gift
4587026747,4587026747,"South African Christmas Mug, Merry Christmas in 5 Languages, Afrikaans Zulu Xhosa Sesotho Gift","Merry Christmas in English, Afrikaans (Geseënde Kersfees), isiZulu (UKhisimusi Omuhle), isiXhosa (Krismesi Emnandi) and Sesotho (Keresemese e Monate). Part of Sonneblom, our line of Afrikaans and South African heritage gifts, made for South Africans at home and all over the world. Printed to order by our production partner and shipped to your door; delivery time and shipping cost depend on where you live and are shown at checkout.",https://sonneblomdigitaal.co.za/shop/4587026747-south-african-christmas-mug/,https://i.etsystatic.com/63442998/r/il/63fcf3/8659878969/il_fullxfull.8659878969_ut8v.jpg,,15.99 USD,in stock,new,Sonneblom,Gifts,Home & Garden > Kitchen & Dining > Tableware > Drinkware > Mugs,gift
